English,standard bangla,garo,marma,chakma
You are very beautiful,তুমি খুব সুন্দর,,,তুই ভারী দোল
What is your name?,তোমার নাম কি?,,,ত নাঙান হি?
How are you?,তুমি কেমন আছো?,,,তুই হেজান আগজ
I am fine,আমি ভালো আছি,,,মুই গম আগং
Where do you live?,তুমি কোথায় থাকো,,,তুই হুদু থাছ
I am going to my uncle's house.,আমার মামার বাড়ি যাচ্ছি।,,,মুই মামু ঘরত যাঙত্তে
Have you eaten rice?,তুমি ভাত খেয়েছ?,,,তুই ভাত হিয়স
Where is your house?,তোমার বাসা কোথায়?,,,ত ঘরান হুদু
How is everyone at your house?,তোমার বাসায় সবাই কেমন আছে।?,,,তমা ঘরত বেক্কুন হেজান আগন
Come visit our house.,আমাদের বাড়িতে বেড়াতে এসো।,,,আমা ঘরত বেরেচ্ছি
When will you return home?,তুমি কখন বাড়ি ফিরবে,,,তুই হক্কে ঘরত ফিরিবে
I will return in a while.,কিছুক্ষণ পরে ফিরব,,,হাক্ষন পরে ফিরিম
Will you have tea?,তুমি চা খাবে?,,,তুই চা হেবে?
I eat rice.,আমি ভাত খাই।,,,মুই হাঙ
We eat.,আমরা খাই।,,,আমি হেই
You eat.,তুমি খাও।,,,তুই হা
You eat.,তোমরা খাও।,,,তুমি হো
I hate you.,আমি আপনাকে ঘৃণা করি,আঙা নাঙখ ,ঙা কোগো মুংরে,মুই তরে বিজ দেগঙ
I love you.,আমি তোমায় ভালোবাসি,আঙা নাঙখ নামি নিকঙা ,ঙা নাক্ কো ক্রতে,মুই তোরে হোস পাঙ
I am in love.,আমি প্রেমে পড়েছি,,চুই মা আখ্য রউরে,মুই প্রেমট পুজ্জং
I am sorry.,আমি দুঃখিত,আঙা ,ঙা গো খোয়ং হ্রুওয়ে,মুই দুঃখিত
I am very sorry.,আমি খুবই দুঃখিত,আঙখ খেমা খাবো ,ঙা গা খোয়ং হ্রুওয়ে,মুই খুব দুঃখিত
How are you?,আপনি কেমন আছেন,নামি দঙয়া মা ,আকং হিঃরিল?,তুই হেজান আগজ
I am fine.,আমি ভালো আছি,আঙা নাম্মা,ঙা আকং হিরি,মুই গম আগঙ
I miss you.,আমার আপনাকে মনে পরছে,নাঙখ আঙা গিসিক রাআমুঙ ,ঙা কোগো তোওড়ারেয়,মর তরে মনত পরের
That is very bad.,ওটা খুব খারাপ,ওয়াদে নাম্মিন নামজা ,য়াচা তিফিবাং ম্কং,উবন অনেক হারাপ
Get well soon.,শীঘ্রই সুস্থ হয়ে উঠুন,থারাকি নামবো,আয়াং কেন্থা আকং ফ্রপ থা,যাদি গম গজ
I can't stop.,আমি থামতে পারি না,আ্ঙা চাদে্ঙনা মানজা ,ঙা টেংহো ম্টে,মুই থামি নোয়ারং
I can't hear you.,আমি তোমাকে শুনতে পাচ্ছি না,আ্ঙা না্ঙখো খি্নাজা্ঙজক ,ঙা নাাং প্রচাগো ম্ক্রা,মুই তোরে শুনি নোপাঙ অর
You are late.,তুমি দেরী কোরেছো,না্দে হারুমু্্ঙজক ,নাং ক্রাফাব্যা,তুই দেরি গুচ্ছস
Who is that man?,ঐ লোকটি কে?,ওয়া্দে সা?,থো্চা আসুলেই,সিবি হোন্না
Who built that?,ঐটা কে নির্মাণ করেছিলো?,হিকো সা থারিয়া ?,ইচা আসু লুচা লেই?,সিবি হোন্না বানেয়ি
They hit.,তারা আঘাত করেছিল,বি'য়া দকামুঙ ,আসু বুড়েয় লে?,ওতারা মাজ্জন
She got angry.,সে রেগে গেল,বি'য়া খা্ওনা্ঙজক ,য়াসু মেং তাউব্যা,উবো রাগি জিয়ি
She is a teacher.,সে একজন শিক্ষিকা,বি'য়া সাকসা,য়াসুু ত্যঃ ছ্রামা/চাখ্যাসা মা,তে ইক্কু মিলি মাস্টর
Don't worry.,কোন চিন্তা করো না,চানচিয়ানি মামুঙ দঙজা ,নাং ওউই ম্ছাগ্যে,হনো চিদে নগুরিজ
I am very happy.,আমি অত্যন্ত খুশি,,ঙা আমা প্য় রেয়,মুই হুব হুজি
I can swim.,আমি সাঁতার কাটতে পারি,আ্ঙা বালজ্রুনা মা্ন্না,ঙা র্গু খেহো তেতি,মুই সাজুরি জানঙ
I can run.,আমি চালাতে সক্ষম,বি'য়া চালাইনা নাম্মিন মা্ন্না,ঙা সালে ন্হেং রেয়,মুই চালে পারিম
I can't come.,আমি আসতে পারব না,আ্ঙা রিবানা মানজানো ,ঙা ম্লেন্হেং/ ঙা লেহো ম্নংই,মুই এই নোপারিম
She was alone.,তিনি একা ছিলেন,বি'য়া সাকসান দঙআমুঙ ,য়াঃসু নুং খ্যাং হিঃরেলেয়,তে গাই এলো
She was brave.,তিনি সাহসী ছিল,,য়াসু ম্ক্র ম্লেং হিঃরেলেয়,তে সাহসী এলো
She likes swimming.,তিনি সাঁতার কাটতে পছন্দ করেন,বি'য়া বালজ্রুনা নাম্মিন সিন্নাহা ,য়াঃসু র্গু খেহো আমা সায়ারেয়,তে সাজুরদে গম পাই
Don't be angry.,রাগ করো না,খাও নাঙনা বে ,মেং ম্তাঃক্যে,রাগ নগুরিজ
Don't be sad.,দু: খিত হবেন না,,অউ ম্স্যুক্যে,দুকখো নগুরিজ
Can you come?,তুমি কি আসতে পারবে?,না্আ কি হিবানা মান্ও,নাং লেনহেং হোলঃ?,তুই এ পারিবি?
Can I help you?,আমি কি সাহায্য করতে পারি?,,ঙা কুহু নুইং হোলঃ?,মুই সাহায্য গুরি পারিম?
Are you hungry?,তুমি কী ক্ষুধার্ত?,না্আ কি অখ্রীঙজক?,ঙা মওয়ে্প ল?, তর পেট পুরের?
Are you going?,তুমি কি যাচ্ছ?,না্আ কি রেঙনো ?,নাং লারেয় ব্যা ল,তুই যট্টে নাহি?
Are you crazy?,তুমি কি পাগল?,না্আ কি বাওদা মা?,নাং আরোউ ল,তুই পাগল নাহি?
Are you serious?,তুমি কি সিরিয়াস?,,নাং আম্হেং ল?,তুই কি সিরিয়াস আগজ?
Can I help you?,আমি কি তোমাকে সাহায্য করতে পারি?,,ঙা নাঃকো কুহু নুইং হোলঃ?,মুই হি তরে সাহায্য গুরি পারিম?
Can you tell me?,আপনি কি আমাকে বলতে পারেন?,না্আ কি আঙখো আগান্না মান্নো?,কো ঙা গো ফ্র ন্হেংরেয় ল?,তুই মরে হোই পারিবি?
Can you hear me?,তুমি কি আমার কথা শুনতে পাচ্ছ?,না্আ কি আ্ঙি কাঁথা ক খিনাঙা ?,নাং ঙা চাগা ক্রারেয় ল?,তুই মো হদা শুনি পারব?
Do you smoke?,তুমি কি ধুমপান কর,না্আ কি মাঙখ্রারাও রিঙয়া?,নাং ছুঁইলি সউতে ল?,তুই হি ধুয়ো হজ?
Have you eaten?,তুমি কি খেয়েছ?,চাজক মা না্আ?,নাং চা ব্যা ল?,তুই হি হিয়োজ?
Can she run fast?,সে দ্রুত দৌড়াতে পারে,বি'য়া থারাকি খাতনা মান্না,য়াসু অম্ ব্রি নহেং রেয়,তে যাদি দাবা দিহ
Have you finished?,তুমি কি শেষ করেছ?,না্আ কি বনেতজক?,নাঃমা টুংব্যা ল?,তুই হি হামান শেজ গুচ্ছস?
She started running.,সে দৌড়াতে শুরু করল,বি'য়া দে খাত্তুঙজক,য়াসু ব্রিইহো চাঃব্যা,তে ধাবা দি শুরু গুচ্ছি
She didn't speak.,তিনি কথা বলেননি,বি'য়া কুসুক আগানজা,য়াসু চাগা ম্প্রলি,তে হদা নোহই
Her eyes were blue.,তার চোখ নীল,,য়াসু মা ক্রোং ম্ক্রযাচি,তা চোকখান নিল
Her smile was good.,তার হাসি ভাল ছিল,বিনি খাদিঙয়া নাম্মামুঙ ,য়াসু রেছা হ্লারে,তা আজি আন দোল এলো
How is your life going?,আপনার জীবন কেমন চলছে?,,কো মা আঃসা ম্জং লারে লে?,ত জীবন আন হেজান চলের?
How is everyone at your house?,তোমার বাসার সবাই কেমন আছে?,না্ঙনি নকনি মানদিরাঙ নাম্মিঙামা ?,নাং রোমা ইংসা রোনা ম্জং লে?,ত গরত বেক্কুন হেজান আগন
I am a student.,আমি একজন ছাত্র,,ঙা ত্য চা ফেসা,মুই ইজ্ঞু ছাত্র
I am going to study.,আমি পড়াশোনা করতে যাচ্ছি,আ্ঙা পরিনা রেঙি্ঙজক,ঙা চা ফেচং লারেয়,মুই পুরিবার যাঙঅর
I am not a teacher.,আমি একজন শিক্ষক নই,,ঙা ত্যউ চা খ্যাসা ম্হ,মুই ইজ্ঞু মাস্টর নয়
I trust you.,আমি তোমাকে বিশ্বাস করি,,ঙা না্ক কো ক্যুং রে,মুই তরে বিচ্ছেস যাঙ
I can do this.,আমি এই কাজ করতে পারি,আ্ঙা ইয়া গামু ক খানা মান্না , ঙা ই অ্লুঃ লু ন্হেংরে,মুই এই হামান গুরি পারিস
I can run fast.,আমি দ্রুত দৌড়াতে পারি,আ্ঙা থারাকি খাতনা মান্না ,ঙা অ্মঃ ব্রি ন্হেং রে,মুই যাদি ধাবা দি পারঙ
I can't believe it.,আমি এটা বিশ্বাস করতে পারছি না,আ্ঙা হিকো মানিনা মানজাঙজক ,ঙা ইচা ম্ক্যুং ন্হেং ,মুই ইয়ান বিচ্ছেস যে নোপারঙ অয়
It's a long story.,এটি একটি দীর্ঘ গল্প,হিগা নাম্মিন র‌ওয়া কাহিনী ,ইচা ত্খু অ্হ্রিথং  ওয়েথু,ইয়ান দি দাঙ অর গল্প
It looks like a bird.,এটা একটি পাখির মত দেখায়,,ইচা ন্হাক্ ন্ঞং ম্রাংরারে,ইয়া ইজ্ঞু পেক অ দঙ দেগায়
It really takes time.,এটা সত্যিই সময় লাগে,হিগা বিবিন হারুমাসা ,ইচা অ্কংকং আখ্যিং লুরেয়,ইয়ান গিচ্ছি সময় লাগে
It was really cheap.,এটা সত্যিই সস্তা ছিল,,ইচা অ্কংকং এ্তেং হিলিরে ,ইয়ান গিচ্ছি হম দাম এলো
It was so noisy.,এটা তাই কোলাহলপূর্ণ ছিল,হিগা খাসুয়ামুঙ,ইচা য়জং কিজু ক্যক্যছাব হি্লিরে,সেনতটাই ইয়ান জ্যাম এলো
It was very difficult.,এটা খুব কঠিন ছিল,হিগা নাম্মিন রাক্কা মুঙ,ইচা আমা খাঃখ্যে লিরে,ইয়ান অনেক হুঠিন এলো
It wasn't expensive.,এটা ব্যয়বহুল ছিল না,,ইচা আতেং মি্হিলি,ইয়ান বেজ দাম ন এলো
It wasn't necessary.,এটা প্রয়োজন ছিল না,হিগা নাঙগিজানমুঙ ,ইচা আ্লো ম্হিলি,ইয়ান দরকার ন এলো
Let me check.,যাচাই করতে দাও,নিনা হন,ক্রিহো পি,যাচাই গুরিবার দে
Let me see.,আমাকে দেখতে দাও,আঙখ নিনা হন,ঙা গো ক্রিহো পি,মরে দিগিবার দে
Can I join you?,আমি আপনাকে যোগ দিতে পারি?,,ঙা কোগো থি ন্হেং হোলঃ?,মুই তরে যোগ দি পারিম?
What can I say?,আমি কি বলতে পারি?,আ্ঙা কি আগান্না মান্নো?,ঙা প্র ন্হেং হোলঃ?,মুই হি হোই পারিম?
Can I eat this?,আমি কি এটা খেতে পারি?,আ্ঙা কি হিকো চা্আনা মান্নো?,ঙা ইচা চা ন্হেং হোলঃ?,মুই হি ইয়ান হে পারিম?
My father is tall.,আমার বাবা লম্বা,আ্ঙি আ্প্ফা র‌উয়া,ঙো বাবা আ্হ্রিঠং,মো বা ওজল
My sister has a job.,আমার বোনের চাকরি আছে,আ্ঙি আবিনি চাকরি দঙয়া ,ঙো মিমি মা সাগ্রি হিঃরে,মো বোন্নুর চাগুরি আগে
My sister is famous.,আমার বোন বিখ্যাত,,,মো বোন্নু নামকরা আগে
My wife is a doctor.,আমার স্ত্রী একজন ডাক্তার,আ্ঙি জিক সাকসা ডাক্তার,ঙা ম্যা ছিক্রিসামা/ডাওঃতমা,মো মোক্কু ইজ্ঞু ডক্টর
"No, I will eat later.","না, আমি পরে খাব","এহে, আ্ঙা জামান চান‌ও","ইন্হি, ঙা নঃউকা চাহো",নাদে মুই পরে হেম
Please come in.,অনুগ্রহ করে ভিতরে আসুন,খাসাফায়েমনা নিঙাচা নাপবো,আঠিদো ওয়ংলেমে,হুজুলি গুরি ডিদিরি আই
Please do that again.,দয়া করে সেটা আবার করুন,খাসাফায়েমনা উখ দাবা দাখবো,য়াচা ত্খ্যাঃ অরঃ ত্ব্রেং প্যাংলঃ মে,হুজুলি গোরঙ অর আরেগ বার গর
Please give it to me.,দয়া করে আমাকে দিন,খাসাফায়েমনা আঙনা হনবো,য়াচা ত্খ্যাঃ ঙাগো পি,হুজুলি গোরঙ অর মরে দে
He praised him.,সে তাকে তারিফ করেছিল,,য়াসু ঠুসুগো অ্কং প্রবঃয়ে,তে তারে প্রশংসা গুচ্ছি
He avoided me.,সে আমাকে এড়িয়ে চলে,,য়াসুু ঙাগো ম্রাং প্যাংব লারে,তে মরে এড়িয়ে চলে
He came last.,সে শেষ এসেছিল,বি'য়া যামান হিবামুঙ ,য়াসু লেলিবঃ,চে সেজবার ইচ্ছি
He goes to school.,সে স্কুলে যায়,বি'য়া স্কুল চা রেঙয়া,য়াসু চাক্যংদো লারে,যে সকুলট যায়
It's a good decision.,এটা একটা ভাল সিদ্ধান্ত,,ইচা ত্খোঃ আ্কং আ্ত্যগ্,ইয়ান এক্কান গোম চিন্তা
That's my book.,যে আমার বই,,য়াচা ঙা চা ঊঃ,ইয়ান মো বিদ্যা
That's my son.,যে আমার ছেলে,,য়াচা ঙা সাঃ,সিবি মোর পো
The dog is dead,কুকুরটি মারা গেছে,আচাকদে সিজক,য়া খুই সিই ফাব্যা,হুগুরবু মুজ্জি
No doubt,কোন সন্দেহ নেই,,,হন সন্দেহ নেই
They got married,তারা বিয়ে করেছে,বিসঙ বিয়া খাজক,য়াস্রো ম্জেকেব্যা,তারা লোলি উয়োন
They have some books,তাদের কিছু বই আছে,বিসঙনি আকিসা কাত্থা দঙয়া,য়াস্রোু মা চাঊঃ ল্য়ংক্খো হিরি,তারার হিজু বোই আগে
They stopped talking,তাদের কথা বলা বন্ধ,বিসঙনি কুসুক আগান্না দনবো,য়াসু মা চ্গা তুংব্যা,তারার হদা হোনা বন্ধ
This is my friend,এই আমার বন্ধু,ইয়া আ্ঙনি বাজু,ইচা ঙা আফাসা,ইবি মোর সমাজ্জি
This bird can't fly,এই পাখি উড়তে পারে না,,ই ন্হাক্ ম্প্যেংন্হেং,এই পেকঘু উরি নোপারে
This decision is final,এই সিদ্ধান্ত চূড়ান্ত,,ইচা আটুং চা্গা,এই বুদ্ধিমান চূড়ান্ত
This is my book,এটা আমার বই,হিগা আঙনি কাত্থা,ইচা ঙা চা ঊঃ,ইয়ান ম বোই
This is my brother,এই আমার ভাই,হিগা আঙনি ভাই,ইচা ঙা আকোসে/ন্ঙ্যিং,ইবি ম ডেই
This is my daughter,এই আমার মেয়ে,হিগা আঙনি দেমেচিক,ইচা ঙা স্মিং,ইবি ম জি
This is not a joke,এটি তামাশা না,ইয়াদে রঙখালা হঙজা,ইচা স্যইংচা ম্হক্,ইয়ান মশকারি নয়
This river is beautiful,এই নদী সুন্দর,ইয়া গাঙ নিথুয়া,ই খ্যং হ্লারে,এই নদীয়ান দোল আগে
This story is true,এই গল্প সত্য,,ইচা আ্কং ওয়েঠু,এই কাহিনীয়ান সত্য আগে
Will it rain today?,আজ কি বৃষ্টি হবে?,দাসাল কি মিক্খা ওয়ানো?,গ্নি মোঃ ওয়রাহলঃ,ইচ্ছি হি ঝড় দিবু?
Will you go for a walk?,তুমি কি বেড়াতে যাবে?,না্আ কি গুরিনা রেঙনো?,নাং লিজং লাহো ল,তুই হি বেরেবার যেবে?
Will he come?,সে কি আসবে?,বি'য়া কি হিবানো?,য়া সু লেহুঁ ল,তে হি এবো?
Will you kill me?,তুমি কি আমাকে মেরে ফেলবে?,না্আ কি আঙখো মারিয়ে গালনো?,য়াসু ঙাগো সেব্ল হব্যা ল?,তুই হি মরে মারি ফেলেবে নাহি?
Will you love me?,তুমি কি আমাকে ভালোবাসবে?,না্আ কি আঙখো নাম্মি নিকঙা?,নাং ঙা গো ক্র হো ল?,তুই হি মরে হোজ পেরে?
Will you come here?,তুমি কি এখানে আসবে,না্আ কি হিচা রিবানো?,নাং ইদু লেহো ল?,তুই হি ইয়োট এবে?
You are so beautiful,আপনি খুব সুন্দর,না্আ নাম্মিন নিথুয়া ,কো কগং হ্লাবারে,তুই অনেক দোল
You are so brave,আপনি খুব সাহসী,,নাং ত্ফি ব্যাং ম্ক্রক্,তুই অনেক সাহসী
You broke the rules,আপনি নিয়ম ভঙ্গ করেছেন,,,তি নিয়ম আন ভাঙগোজ করেছেন
Do you love me or not?,তুমি আমাকে ভালোবাসো কি না,না্আ আঙখো নাম্মি নিকঙা মা?,নাং ঙা গো ক্রোতি ল ম্ক্র ল,তুই মোরে হোজ পাস নাহি?
You made me happy,তুমি আমাকে খুশি করেছো,না্আদে আঙখো খাদিঙয়েতজক,নাং ঙা গো অপ্য পিরে,তুই মরে হুজি গুচ্ছস
You can go,তুমি যেতে পার,না্আ রেঙনা মান্না,নাং লা ন্হেং মি ব্যা,তুই যে পারস
You should sleep,তোমার তো ঘুমানো উচিত,না্ঙিদেতো থুনা নাঙগিনো,নাং গা ওউই রাহো টেং রে ব্যা,তর ঘুম জানা দরকার
I'm not bothering you,আমি তোমাকে বিরক্ত করছি না,,ঙা নাক্ কো ম্জালে,মুই তরে বিরক্ত নগরঙ অর
Whose idea is this?,এটা কার ধারণা?,,ইচা আসু ত্য়ওচা লে,ইহান হার ধারনা?
Thanks for your help,আপনার সাহায্যের জন্য ধন্যবাদ,,কোউরে কিজু কোগো কিজুতাংবারে,মরে সাহায্য গুরিবার লাই তরে জু জু
Thank you for coming,আসার জন্য আপনাকে ধন্যবাদ,হিবানি গুম্মুন মিথেলা,লেটিঃ কিজু কোগো কিজুতাংবারে,এবার লাই তরে জু জু
How are you?,তোমার কী অবস্থা,,নাং ম্জংহীরে লে,তর হি অবস্থা?
How is everyone at your house?,তোমার বাসার সবাই কেমন আছে,নাঙনি নকনি মান্দিরাঙ নামিঙামা?,নাং রো ইংসারো ম্জং হিরিলে ,তর বাসাত বেক্কুন হেজান আগন?
It's nice to see you,তোমাকে দেখে ভাল লাগলো,নাঙখ নিকিমনা নাম্মি নিকজক,নাক্ কো ম্রাং ব প্যহারে,তরে সেনেই গম লাগিলু 
I don't like it,আমি এটা পছন্দ করি না,আ্ঙা হিখো সিনজা ,ইচা ঙা মা্সায়া,মুই ইয়াান গম নোপাঙ
I have no idea,আমার কোন ধারণা নাই,আ্ঙাদে হাইজা হিকদে ,ঙা ত্খোবাং মি্সি,মোর হনো ধারনা নাই
Thank you very much,তোমাকে অনেক ধন্যবাদ,নাঙখো নাম্মিন মিথেলা,নাক্ কো আ্মা কিজুটাং রে,তরে অনেক ধন্যবাদ
See you next week,পরের সপ্তাহে দেখা হবে,যামান্নি সাল্লো নিকগেন,লেমি খালেয় মা আ্তুই ক্যামে,পরে সাপ্তাত দেগা অব
See you next year,সামনের বছর দেখা হবে,মিখাঙ বিলসিও নিকগেন,লেমে ন্হক্ মা আ্তুই ক্যামে,পরে বজর দেগা অব
See you soon,শীঘ্রই আবার দেখা হবে,থারাকি দা্আবা নিকগেন,আয়ং প্রেংব আতুই ক্যামে,যদি আরো দেগা অব
See you tomorrow,আগামীকাল দেখা হবে,আমবুনো নিকগেন,ন্হাক্ ফ্রেং আতুই ক্যামে,হিলি দেগা অব
I'm crazy about you,আমি তোমার সম্পর্কে পাগল,আ্ঙা নাঙনি গুমুন‌ও বাওদা,ঙা নাাক্ মা রুউ রে,মুই তরলাই পাগল
I'm crazy with you.,আমি তোমার সাথে পাগল,আ্ঙা নাঙমু লগে বাওদা,ঙা নাক্ লা ব রুউরে,মুই তরলাই পাগল
It's nice to meet you,তোমার সাথে দেখা করে ভালো লাগলো,নাঙখ নিক্কি নাম্মি নিকজক ,নাং লা আতুই খেংব কংহারে,তর লোই দেগা ওনেই গম লাক্কি
It's so cheap,এটা খুব সস্তা,,ইচা এর্মা আঁটেং,ইয়ান অনেেক দাম হম
Just a moment,শুধু একটা মুহূর্ত,গিসা সময়‌ও,ত্ছংস্যে ব্যা/ ত্খ্যাঃসে,বানা এক্কান মুহুর্ত
You're so nice,আপনি খুব চমৎকার,না্আদে গাসুওয়া আহা নে ,কো আমা আ্স্যাক্যারে,তুই অনেক চমৎকার
I really appreciate it,আমি সত্যিই এটার প্রশংসা করছি,আ্ঙা বিবিন হিনি প্রশংসা খঙজক,,মুই গিচ্ছি ইহান নাম গুচ্ছোং
You're so smart,আপনি খুব স্মার্ট,না্আদে নাম্মিন গাসুওয়া,কো আ্মা পইংঞাস্যাং ,তুই অনেক স্মার্ট
I really miss you,আমি তোমাকে সত্যি মিস করছি,আ্ঙা নাঙখো নাম্মিন গিসিক রাঙজক,ঙা নাক্ কো অ্কংকং অউমিংরে,মুই গিছি তরে অনেক মিস গরঙওর
Will you help me?,আপনি কি আমাকে সাহায্য করবেন?,না্আ কি আঙমুঙ অকিষা রুমফানা মান্নো?,কো ঙাগো ত্খ্যাক্ কু ন্হেং হো ল?,তুই হি মরে সাহায্য গুরিবি?
Will you stay home?,তুমি কি বাড়িতে থাকবে,না্আ কি ন‌ওক্কো দঙনো?,নাং ইংমা নিং হো ল?,তুই হি গরত থেবে
Do you need anything?,তোমার কোন কিছু দরকার?,নাঙি কি মামুঙ নাঙগিনো?,নাক্ মা ত্খুক্ ম্সা লু হো ল?,তোর হিচ্ছু লাগিবু?
Do you need this book?,তোমার কি এই বইটা দরকার?,নাঙি কি ইয়া খাট্টা ক নাঙগিনো?,নাক্ মা ই চাক্উঃ লু হো ল?,তর হি এই বিদ্যা আন দরকার?
Are you feeling better?,আপনি ভাল অনুভব করছেন?,না্আ কি নাম্মা ,কো মা কং রে তুইরে ল?,তুই গম অনুভব গরর?
Come and see me now,এসো এবং এখন আমাকে দেখতে,হিবা আর দাও আঙখো নিনা,ঙা গো আ্গু ক্রিজং ল্লে,আই মরে সে জা
Come with your family,আপনার পরিবারের সাথে আসুন,নাঙনি নকনি মান্দিরাঙমু লগে হিবা,কো ইংসা লা ল্লে,ত পরিবার সুদ্ধো এজো
I'm very busy this week,আমি এই সপ্তাহে খুব ব্যস্ত,আঙাদে ইয়া সপ্তাহে নাম্মিন বিজি ,ঙামা ই খাঃলে মা আ্মা আ্লু হীরে,মুই এই সাপ্তাত অনেক ব্যস্ত
Have a lot of money,অনেক টাকা আছে,বাঙি থাঙখা দঙয়া,এর্মা টেঙা হীরে,বেজ টেঙা আগন
They're good people,তারা ভালো মানুষ,বিসঙ নাম্মা মান্দি,য়াস্রু আ্মা আঁকং লু,তারা গম মানুজ
We need some money,আমাদের কিছু টাকা দরকার,চিঙনি আকিসা থাঙখা নাঙগিনোমুও,ঙ্গমা টেঙা তে্কে লুরে,আমার হিজু টেঙা লাগিবাক
What are you doing today?,তুমি আজ কি করছ?,না্আ দাসাল ম দাকনো?,নাং গি্নি আ্চ্যা প্যাংরেলে ,তুই ইচ্ছি হি গরর?
What can I do for you?,আমি আপনার জন্য কি করতে পারি?,আ্ঙা নাঙনি গুমুন‌ ম দাকনা মান্না?,ঙা কো কিজু আ্চা প্যাংন্হেং হুলে,মুই তর লাই হি গরি পারঙ?
What was the word for?,শব্দটা কিসের ছিল?,ইয়া খিগুয়া মনি মুঙ,য়াচা আ্চা আ্সেং লে?,হিয়ো শব্দ?
When can we eat?,আমরা কখন খেতে পারি?,চিঙ্আ বাসকো চানা মান্নো?,ঙো জা্খা চা হুলে,আমি হক্কেনে হেবং?
When do you study?,আপনি কখন পড়াশোনা করেন?,না্আ বাসকো পরিঙা?,কো জ্খা চা ফেটে লে,তুই হক্কেনে বিদ্যা শিক্কোস?
When did it end?,এটা কখন শেষ হয়েছিল?,হিগা বাসকো বন্নামুঙ?,ইচা জা্খা টুংলি রে লে,ইয়ান হক্কেনে সেজ অল?
Tell me something about your family,আপনার পরিবার সম্পর্কে কিছু বলেন,নাঙনি নকগুমুন খ রায়ৈ মামুঙ আগানবো,কো রো ইংসা গো ইউব  তখুমসা প্র,তু পরিবার সম্বন্ধে হিচ্ছু হ?
Do you understand?,তুমি কি বুঝতে পেরেছো?,না্আ কি হাইনা মানজক?,নালেরি ল নাং?,তুই হি বুজি পাজ্জোস
Do you love me?,তুমি কি আমাকে ভালোবাসো?,না্আ কি আঙখো সিনুঙয়া?,নাং ঙা গো ক্রতে ল?,তুই হি মরে হোজ পাস?
Don't talk about work,কাজের কথা বলবেন না,গামু নি কুসুক খ আগানজানো?,অ্লু চ্গাগো ম্প্রগ্যে,হামো হদা নোহোজ
How can I help you?,আপনাকে কিভাবে সাহায্য করতে পারি?, নাঙনি গুমুন‌ ম দাকনা মান্না?,কোগো ম্জং প্য়াংব কোওন্হেং হোলে?,মুই তরে হেঙোরি সাহায্য গুরিম?
How deep is the lake?,লেকের গভীরতা কত?,,য়াক্ ওয়েই ম্নহ আ্নাক্ লে?,লেক্কানোর গভীর হিদিক্কিন
I'm proud of my son,আমি আমার ছেলের জন্য গর্বিত,আ্ঙা আ্ঙি দিসানি গানদানা ,ঙা ঙা সা কিজু ম্যান্হা ঠংব নিং রে,মুুই মো পবুর লাই গর্বিত
I'm sorry to bother you,আমি আপনাকে বিরক্ত করার জন্য দুঃখিত,আ্ঙা নাঙখো খাও নাঙগিনি গুমুন খেমা হামুঙা ,ঙা কোগো জালেরে কিজু খোওং হ্রুওয়ে,মুই তরেে বেজাল গুরিবার লাই দুঃখিত
Can I open the door?,আমি কি দরজা খুলতে পারি?,আ্ঙা কি দরজা খুলিনা মান্না?,ঙা তৈংখা ল্হন্হেং হ ল?,মুই হি দোর আন হুলি পারিম?
Thank you for everything,সবকিছুর জন্য ধন্যবাদ,দুমদাকনি গুমুন মিথেলা,আ্কুংজুং কিজু কিজুতাংরে,বেক্কানির লাই জু জু
Do you have any ideas about this?,আপনার কোন ধারণা আছে এই ব্যাপারে?,,কো য়াছাগো য়ুব ত্খুমসা সিক্ড়ি ল,তর হনো ধারনা আগে এই ব্যাপারে?
Where are you from?,তুমি কোথা থেকে আসছো,না্আ বাচ্চানি হিবা,নাং আ্চগা লেটে লে?,তুই হট্টুন ইচ্ছোস?
Let me think about it,আমাকে এটা সম্পর্কে চিন্তা করতে দিন,,ঙাগো ইচাগো য়ুব ছাংখ্রাহো পি,মরে এই সম্পর্কে চিদে গুরি দে
Will you stop talking?,তুমি কি কথা বলা বন্ধ করবে?,না্আ কি সুক দঙনো ,নাং ইংচা প্রহো তেংহো ল,তুই হি হদা হনা থামেবে?
Do you want to go?,আপনি কি যেতে চান?,না্আ কি রেঙনা হামিঙা?,কো লা খ্যাংরে ল?,তুই হি যেবার চাস?
Will you teach me?,তুমি কি আমাকে শেখাবে?,না্আ কি আঙনা সিহাইনো?,নাং ঙা গো সাং হো ল?,তুই হি মোরে সেগেবে?
Close the door,দরজা বন্ধ করুন,দরজাখো চুপ্পেত ,তৈংখা ত্খ্যাক পুঁই ল মে,দোর আন বান
It was a very big room,এটি একটি খুব বড় রুম ছিল,হিগা দাল্লা নকমুঙ ,য়াচা এর্মা ত আ্সেং হিলিরে ,ইহান এক্কান দাঙর ঘর এলো
He agreed with me,তিনি আমার সাথে একমত,বি'য়া আঙমু লগে ,য়াসু ঙালা চ্গা তখৈংব্যা,তে মর লোই সহমত
We started walking,আমরা হাঁটতে শুরু করলাম,চিঙাদে রামারিঙজক ,ঙো সোওয়ারেব্যা,আমিি আদানা শুরু গুচ্ছি
We can change,আমরা পরিবর্তন করতে পারি,,ঙো ল্হি ন্হেং রে,আমি পরিবর্তন গুরি পারি
We cook every day,আমরা প্রতিদিন রান্না করি,চিঙয়া ,ঙো নিংদৈং খ্যাক্ তে,আমি নিততো রানি
Where does it hurt?,এটা কোথায় ব্যাথা করে?,বানো সাদিকঙা?,জা আড়া মা নাড়ে লে?,ইয়াান হুবোত পিরি গরে?
When was he born?,সে কখন জন্মেছিল?,না্আ বাসকো আছিয়ামুঙ?,য়াসু জা্খা মুইংরে লে?,তে হক্কেনে জন্মেয়ি?
I can't see anything,আমি কিছুই দেখতে পাচ্ছি না,আ্ঙা মামুঙখন নিনা মানজাঙজক ,ঙা ত্খু্বাং ম্রাং ,মুই হিচ্ছু সে নোপারঙ অর
I don't agree with you,আমি আপনার সাথে একমত নই,এহে নাঙমু লগে আ্ঙা এক হঙজা ,ঙা কো লা চ্গা ত্খৈং ম্হক্,মুই তর লেই সহমত নই
How do you get to school?,তুমি কিভাবে স্কুলে আস?,না্আ বারিকি স্কুল চা হিবাঙা?,নাং ম্জং প্যাংব চাক্যং দো লেটে লে? ,তুই হেঙোরি স্কুলত এজজ?
"If I had money, I could buy it",আমার কাছে টাকা থাকলে আমি কিনতে পারতাম,আঙচা থাঙকা দঙ‌ওদে আ্ঙা বিরিনা মাননোমুঙ ,ঙা মা টেঙা হিগ্যি ঙা লিসউ ওউইন্হেং লি হো,ম ইদু টেঙা যেলে মুই হিনি পারিদুঙ
"If he comes, tell him to wait","যদি তিনি আসেন, তাকে অপেক্ষা করতে বলুন","বি'য়া রিবাওদে, বিখো সেঙখানা আগানা করিস ",য়াসু লেহো ছুগ্যে য়াসু গো চং ছু ল,"তে যদি এজে, তারে বাচ্ছে যেবার হোজ"
"If it rains, we will get wet","যদি বৃষ্টি হয়, আমরা ভিজে যাব","মিখ্খা ওয়াওদে, আচিঙ সুসিগেন","মু রু্ওয়ারে ছুগ্যে, ঙো মু চু্ওয়েকেহো ব্যা","যুদি ঝড় দে, আমি বিজি জেবং"
My hair has grown very long,আমার চুল অনেক লম্বা হয়েছে,আ্ঙনি খিন্নি নাম্মিন রজকসা ,ঙা মা ছেংবাং এর্মা হ্রীব্যা,মো হেচ্ছানি দাঙ আর উয়ি
My mother is always at home,আমার মা সবসময় বাড়িতে থাকে,আ্ঙনি আমা নক্কন দঙ‌আরিঙ‌আ,ঙো দদ/অ্ম্মি/অ্দঃ খ্যাংখাফ্র ইংমা নিংড়ে,মো মা সবসময় গরত থাই।
There are many fish in this lake,এই হ্রদে অনেক মাছ আছে,ইয়া পাগারো নাথক বাঙ‌আ,ই ওয়েইং মা এর্মা ঙাঃ হিরিরে,এই হ্রদতানত বালুক্কুন মাজ আগে
There are many problems to solve,সমাধান করার জন্য অনেক সমস্যা আছে,,আওকং প্যাংহো কিজু এর্মা সমস্যা হীরে,সমাধান গুরিবাল্লাই বালোক্কানি সমস্যা আগে
There is nothing wrong with him,তার সাথে কোন ভুল নেই,,য়াসুলা ব ত্খুবাং আম্হা মিহি,তা লঙে হোনো ভুল নেই
There was a sudden change in the weather,আবহাওয়ার হঠাৎ পরিবর্তন ছিল,,মো লি প্পপাং পয়াংব হ্লিরি,হঠাৎ গুরি দেবা আন বুদুলি গেলো
No one was in the garden,বাগানে কেউ ছিল না,,য়ইং মা ত্যক্পাং মিহিলিই,বাগান আনত হেয়ো নয়েলাক
There was no one there,সেখানে কেউ ছিল না,,য়াদে ত্যক্পাং মিহিলি,সিওত হেয়োজন নয়েলাক
There have been five murders this month,এই মাসে পাঁচটি খুনের ঘটনা ঘটেছে,,ইলামা ঙাখ্ক এসেএওয়ব্যে ফ্রকেরে,এই মাজই পাচ্চু হুন উয়ি
They praise each other,তারা একে অপরের প্রশংসা করে,,ইয়াস্রু ত্যক্কো  ত্যক আকং প্রগেতে,অ তারা যে যারে নাম গরন
They agree to work together,তারা একসঙ্গে কাজ করতে রাজি হয়েছে,,ইয়াসরু ত্লামা অ্যালুলুকেহু মনে গেড়ে,তারা এক লঙে হাম গুরিবার রাজি উয়োন
They are both good teachers,তারা দুজনেই ভালো শিক্ষক,,ইয়াস্রু নহইয়ক চুং অকং চাখ্যা ছ্ড়া,তারা দুঅবু গম মাস্টর
We want something new,আমরা নতুন কিছু চাই,,ঙো অস টখুমসা লুরে,আমি নুয়ো হিচ্ছু সেই
We should be very careful,আমাদের খুব সতর্ক হওয়া উচিত,,ঙো আমা স্দি ফ্রোরাহু,আমার বেক্কুনের সতর্ক অনা দরকার
When can we meet next time?,পরের বার কখন দেখা করতে পারি?,,নৌকা যখা আটুই খেং নহেং হোলে?,পরে বার হক্কেনে দেগা গুরিবং
When will you finish your work?,আপনি কখন কাজ শেষ করেছেন?,,কোমা জ্খা আলু তুংরে লে?,তুই হক্কেনে হাম পুরিয়জ?
When will you cut your wheat?,তুমি কখন তোমার গম কাটবে?,,নং জ্যখা গং রুইহুলে?,তুই হক্কেনে ত গম হাবিবি?
Where is the beautiful girl?,সুন্দরী মেয়েটি কোথায়?,,আহ্লামা জামালেই?,দোল মিলিবু হুদু?
Where is my lungi?,আমার লুঙ্গি কোথায়?,,ঙা্ক লঙ্গি জামালে?,ত ধুতি আন হুদু
What is your destination?,আপনার গন্তব্য কি?,,কো আদো লারে লে?,ত গন্তব্য আন হি?
You don't understand me,তুমি আমাকে বোঝো না,,নং ঙাগো ম্নালে,তুই মরে নবুঝছ?
How can I help you?,আমি কীভাবে তোমাকে সাহায্য করতে পারি?,,ঙা নাকো মজং প্যাংবো কুনহেং হোলে?,মুই হেগেরি তরে সাহায্য গুরি পারিম?
I don't understand,আমি বুঝতে পারছি না।,,ঙা ম্নালে,মুুই বুজি নোয়ারঙ অর
Please give me the bill,দয়া করে বিল দিন।,,বিল ট্খ্যা পিন্হেং হুলো?,হুজুলি গুরি দাম আন দে?
How much will it cost?,এটা কত খরচ হবে?,,ইচা ম্নহ খ্র ফ্রহুলে?,ইয়ান হট্টমান হরচ অব?
Excuse my mistake,আমার ভুল মাফ করবেন।,,ঙা ম্হারে খোয়ং হ্রুওয়ে,মো ভূল আন মাফ গুরিছ
Have a nice day!,একটি ভালো দিন কাটুক!,,ত্রা্ক আহ্লাপা নিং বে চি,ইজ্ঞু দিন গম হাদক
It was nice to meet you,তোমার সাথে দেখা হয়ে ভালো লাগলো।,,না্ক লে আতুই ক্যাব কং হারে ,ত লগে দেগা অনেই গম লাগিলু
I am lost,আমি হারিয়ে গিয়েছি।,,ঙা প্তগক ফাব্যা ,মুই আরি জিয়োঙ্গোই
Can you help me?,আপনি আমাকে সাহায্য করতে পারবেন কি?,,,তুই হি মরে সাহায্য গুরি পারিরি?
Where is the nearest hospital?,সবচেয়ে কাছের হাসপাতাল কোথায়?,,,বেগ হায়ো হাস্পাতাল আন হুদু?
I need a doctor,আমার একজন ডাক্তার দরকার।,,,মোর ইক্কু ডক্তর লাগিবু
What is your favorite food?,তোমার প্রিয় খাবার কি?,,,ত প্রিয় হাবার হি?
How is it spelled?,তার বানান কীভাবে?,,,তার বানান আন হিদিক্কিন?
Where do you live?,তুমি কোথায় থাকো?,,,তুই হুদু থাস?
Can I get a glass of water?,আমি একটি গ্লাস পানি পাবো?,,,মুই হি এক গ্লাস পানি পেম?
How is the weather today?,আজকে আবহাওয়া কেমন?,,,ইচ্ছি দেবা আন হিদিক্কিন?
I need to buy groceries,আমাকে মুদিখানা কিনতে হবে।,,,মোর মুদি হানা আন হিনা পুরিবু?
Could you please pass me the salt?,আপনি দয়া করে আমাকে লবণ এগিয়ে দিতে পারবেন ?,,,তুই হি মরে হুজুলি গুরি নুন আন দি পারিবি?
I have a headache,আমি মাথা ব্যাথা পাচ্ছি।,,,মুই মাদা আনত পিরি পাঙ অর
Where is the nearest pharmacy?,সবচেয়ে কাছের ফার্মেসি কোথায়?,,,বেগ হায়োত ফার্মেসি বু হুদু?
How was your day?,তোমার দিন কেমন ছিল?,,,ত দিন আন হেজান হাদিলু?
Please give me a menu,দয়া করে আমাকে একটি মেনু দিন।,,,হুজুুলি গুরি মরে হাবার ও মেনু আন দে
What is your favorite color?,তোমার প্রিয় রঙ কি?,,,ত প্রিয় রঙ আন হি?
Do you have any siblings?,তোমার কোন ভাই-বোন আছে?,,,তর হি হনো ভেই-বোন আগন?
I have a meeting at 3 o'clock,আমার ৩টায় একটি মিটিং আছে।,,,মরে ৩টায় ইক্কু সভা আগে
Where did you go last week?,তুমি গত সপ্তাহে কোথায় গিয়েছিলে?,,,তুই গত সাপ্তাত হুদু যিয়োজ?
What is your favorite movie?,তোমার প্রিয় চলচ্চিত্র কি?,,,তর প্রিয় চলচিত্র হি?
I need a coffee to wake me up,আমার উঠতে একটি কফি দরকার।,,,মোর উদদে ইক্কু হফি লাগিবু 
Where is the nearest ATM?,সবচেয়ে কাছের এটিএম কোথায়?,,,বেগো হায়োর এটিএম আন হুদু?
My phone is not working,আমার ফোন কাজ করছে না।,,,মো ফোন আন হাম নগরের?
I will be back in a little while,আমি একটু পরে ফিরবো।,,,মুই এক্কা হাক্কে ফিরিম
Do you like to travel?,তোমার ভ্রমণ করতে ভালো লাগে?,,,তোর বেড়াদে গম লাগে?
Please give me a pen,দয়া করে আমাকে একটি কলম দিন।,,,হুজুলি গুুরি মরে এক্কান হলম দিজ
What is your phone number?,তোমার ফোন নাম্বার কি?,,,ত ফোন নাম্বার আন হি?
Can I get the Wi-Fi password?,আমি কি ওয়াই-ফাই পাসওয়ার্ড পাবো?,,,মই হি ওয়াই ফাই পাসওয়ার্ড আন পেম?
Where did you learn to cook so well?,তুমি কোথায় এত ভালো রান্না শেখেছো?,,,তুই হুদুু এদক গম বানানা শিক্কোস?
Let's walk,চলো হেঁটে যাই।,,,যেই আদি ইজি
Can I borrow your book?,আমি কি তোমার বই ধার করতে পারি?,,,মুই হি ত বিদ্যা আন ধার লোই পারিম?
I have a day off tomorrow,আমার কাল একদিনের ছুটি আছে।,,,মরে হিল্লি ইজ্ঞু দিনোর ছুটি আগে
"Don't worry, everything will be fine","চিন্তা করো না, সব ঠিক হবে।",,,"চিদে নগুরিস, বেক ঠিক অব"
I have a pet dog,আমার একটি প্রাণি কুকুর আছে।,,,মর ইজ্ঞু হুগুর আগে
I have a job interview today,আমার আজ একটি চাকরির ইন্টারভিউ আছে।,,,মোর ইচ্ছি ইজ্ঞু চাকরির ইন্টারভিউ আগে
What is your favorite season?,তোমার প্রিয় ঋতু কি?,,,ত প্রিয় ঋতু আন হুবু?
Do you have any plans for the weekend?,তোমার সপ্তাহান্তের কোন পরিকল্পনা আছে?,,,তর এই সাপ্তাত হনো পরিকল্পনা আগে?
Can you recommend a good restaurant?,আপনি একটি ভালো রেস্তোরাঁ সুপারিশ করতে পারবেন?,,,তুই হি হনো গম রেস্টুরেন্টোর সুপারিস গুরি পারিবি?
How do you commute to work?,আপনি কিভাবে কাজে যাওয়ার জন্য যান?,,,তুই হেঙোরি হামত যাস
I am learning Bengali,আমি বাঙালি শেখছি।,,,মুই বাংলা শিক্কোঙ
What is your favorite book?,তোমার প্রিয় বই কী?,,,ত প্রিয় বই আন হি।
Can I have some time with you?,আমি কি তোমার একটু সময় পেতে পারি?,,,মুই হি তত্তুন এক্কা সময় পেম ? 
I have a cold,আমার ঠান্ডা হয়েছে।,,,মর জুরো উয়ে। 
Where did you spend your childhood?,তুমি কোথায় তোমার শিশুত্ব কাটিয়েছিলে?,,,তুই ত শিগনহাল আন হুদু এলে
What animals do you have?,তোমার কোন প্রাণি আছে?,,,তর হন এমান ও আগে? 
It is a beautiful day today,এটি আজ একটি সুন্দর দিন।,,,ইচ্চে এক্কো দোল দিন 
Could you please pass me the newspaper?,তুমি দয়া করে আমাকে সংবাদপত্র পাস করতে পারো?,,,তুই হি মরে হুজুলি গুরি সংবাদপত্র আন দি পারিবি?
I am going to the market,আমি বাজারে যাচ্ছি।,,,মুই বাজারত জাংঅর
Do you like dancing?,তোমার নাচতে ভালো লাগে?,,,তর নাজদে গম লাগে?  
I need a new pair of shoes,আমার একটি নতুন জুতা দরকার।,,,মর একজুর নো চপ্পল লাইবো
I need to see a dentist today,আমার আজকে একজন দাঁতের ডাক্তারকে দেখানো লাগবে।,,,মর ইচ্চে ইক্কো দাদ ও ডাক্তর দেগা পুরিবো
The nearest bus is,সবচেয়ে কাছের বাস,,,বেগো হায় বাস
Can I have a piece of cake?,আমি একটি টুকরা কেক পাবো?,,,মুই এগ হত্তা কেক পেম
I love to listen to music,আমি সুরের শোনা অভিজ্ঞান করতে ভালোবাসি।,,,মুই গান ও সুর চুনদে গম পাং
I am going to visit my grandparents,আমি আমার দাদা-দাদি দেখতে যাচ্ছি।,,,মুই ম আজু নানুরে চা জাংঅর 
Where did you go on your last vacation?,তুমি তোমার শেষ ছুটিতে কোথায় গিয়েছিলে?,,,তুই ত শেজ চুটিত হুদু জিওচ?
Can you teach me how to cook?,আপনি কি আমাকে তার কোকিং শেখাতে পারবেন?,,,
I'm going to the library,আমি লাইব্রেরিতে যাচ্ছি।,,,মুই লাইব্রেরিত জাংঅর
What is the capital of Bangladesh?,বাংলাদেশের রাজধানী কী?,,,বাংলাদেজর রাজধানী হী?
I like to take a nap in the afternoon,আমি অপরাহ্ণে একটি ঘুম নেওয়া পছন্দ করি।,,,মুই সাজন্নে মাদান গুম জাদে গম পাং
Do you have any allergies?,তোমার কোন অ্যালার্জি আছে?,,,তর হন এ্যালার্জি আগন?
I don't like spicy food,আমি তীক্ষ্ণ খাবার পছন্দ করি না।,,,মুই তীক্ষ্ম হানা গম নোপাঙ
What is the purpose of your visit?,আপনার আগমনের উদ্দেশ্য কি?,,,তর ইদু এজানা হারন হি?
Can you recommend a good movie?,আপনি কি একটি ভালো চলচ্চিত্র সুপারিশ করতে পারবেন?,,,তুই ইক্কো গম বই ও নাম হই পারিবে?
I'm going to a wedding tomorrow,আমি আগামীকাল একটি বিয়েতে যাচ্ছি।,,,মুই হিল্লে এক্কান মেলাত জাংঅর
Do you prefer tea or coffee?,আপনি কি চা না কফি পছন্দ করেন?,,,তর চা নাহি কফি হুবান গম লাগে? 
I like to exercise in the morning,আমি সকালে ব্যায়াম করতে পছন্দ করি।,,,মুই বিন্নে বেয়াম গত্তে গম পাং
Can I get some more?,আমি কি আর থোড় পাবো?,,,
A friend of mine is from Bangladesh,আমার একজন বন্ধু বাংলাদেশ থেকে এসেছে,,,মর ইক্কো সমাজ্জে বাংলাদেজত্তুন ইচ্চে 
I like to read books before bed,আমি ঘুমের আগে বই পড়তে পছন্দ করি।,,,মর গুম জেবার আগে বই পরদে গম লাগে 
Can you recommend a good restaurant?,আপনি কি ভালো একটি রেস্তোরাঁ সুপারিশ করতে পারবেন?,,,তুই মরে এক্কান গম হোটেল দেগে দি পারিবে? 
I'm going to watch a movie tonight,আমি আজ রাতে একটি চলচ্চিত্র দেখতে যাচ্ছি।,,,মুই ইচ্চে রেদত ইক্কো বই সা জাংঅর 
What is your favorite type of music?,তোমার প্রিয় সঙ্গীতের ধরণ কি?,,,তুই হিদিক্কে গীত গম পাচ?
I need to buy a birthday present,আমার একটি জন্মদিনের উপহার কিনতে হবে।,,,মর এক্কান জন্মদিনো বকশিস হিনা পুরিবো
May I have your email address?,আমি কি তোমার ইমেইল ঠিকানা পাবো?,,,মরে ত ই-মেইল ঠিকানা আন পেম?
It's time to go to bed.,ঘুমাতে যাওয়ার সময় হয়েছে।,,,গুম জেবার সময় উয়ে 
What date is it today?,আজ কি তারিখ?,,,ইচ্চে হয় তারিখ? 
I have a lot of work to do.,আমার অনেক কাজ করতে হবে।,,,মর বহুত হাম গরা পুরিবো
My favorite color is blue.,আমার প্রিয় রঙ নীল।,,,মর এ্যল রং দোল দেগং
Can you please repeat that?,আপনি কি দয়া করে এটা পুনরায় বলতে পারেন?,,,তুই এ হদা আন মরে আর অ্যাকবার হই পারিবে?
Let's go for a drive.,চলো ড্রাইভে যাই।,,,ড্রাইব ওত যেই
I need to make a phone call.,আমার ফোন কল করতে হবে।,,,মর  ফোন গরা পুরিবো
My birthday is in June.,আমার জন্মদিন জুনে।,,,মর জনমদিন জুনত
Could you please turn off the light?,আপনি কি দয়া করে আলোক বন্ধ করতে পারবেন?,,,তুই হচ্ত গুরি লাইত্তো মারে দি পারিবে? 
I'm looking for a new job.,আমি একটি নতুন চাকরি খুঁজছি।,,,মুই এক্কান নো চাগুরি তোগাংঅর 
How are you feeling right now?,তুমি এখন কেমন অনুভব করছো?,,,তর ইক্কু হিদিক্কে লাগের? 
I don't like spicy food.,আমি তীক্ষ্ণ খাবার খেতে পছন্দ করি না।,,,মুই তীক্ষ্ম হানা হাদে গম নোপাঙ
Can you teach me how to drive?,আপনি কি আমাকে গাড়ি চালানো শেখাতে পারবেন?,,,তুই মরে গারি চালানা চেগে পারিবে? 
What is your favorite sport?,তোমার প্রিয় খেলা কী?,,,তুই হন হেলা আন গম পাজ?
Please close the door behind you.,দয়া করে তোমার পিছনে দরজা বন্ধ করো।,,,হচ্ত গুরি পিচ্চেন্দি দরজা আন বন্ধ গুরি পারিবে? 
How do you get to work every day?,আপনি কীভাবে প্রতিদিন কাজে যাওয়া হয়?,,,  তুই নিত্য হিং ইরি হামত যাজ?
My favorite animal is a dog.,আমার প্রিয় প্রাণী একটি কুকুর।,,,মুই হুগুর গম পাং
I'm thinking of going on vacation.,আমি ছুটিতে যাবো ভাবছি।,,,মুই চুটিত জেম্বোই মনে অয়
Can you please speak more slowly?,আপনি কি দয়া করে ধীরে ধীরে কথা বলতে পারেন?,,,তুই এক্কা লারে লারে হদা হ
How was your weekend?,তোমার সপ্তাহান্ত কেমন ছিল?,,,ত সাপ্তাবো হিদিক্কে জিয়ে
I need to be picked up at the airport.,আমাকে বিমানবন্দরে যাতে হবে।,,,মর বিমান বন্দরত যা পুরিবো
What is your favorite hobby?,তোমার প্রিয় শখ কী?,,,তর শখ হি?
Please wait here for me.,দয়া করে আমার এখানে অপেক্ষা করুন।,,,হচ্ত গুরি মরে এক্কা ইওদ বাচ্চে তাক
I need to buy a new phone.,আমার একটি নতুন ফোন কিনতে হবে,,,মর এক্কান নো ফোন হিনা পুরিবো
What is your favorite food?,তোমার প্রিয় রকমের খাবার কী?,,,তর হন হানা আন গম লাগে? 
I'm going to the gym.,আমি জিমে যাচ্ছি।,,,মুই জিমত জাংঅর
Can I have more coffee?,আমি কি আর কফি পাবো?,,,মুই হি আর এক্কা কফি পেম
How do you spend your evenings?,তুমি কীভাবে তোমার সন্ধ্যায় সময় কাটাও?,,,ত সাজন্নে সময় আন হিং ইরি হাদাস? 
I love watching Twilight.,আমি গোধূলি দেখতে ভালোবাসি।,,,মর সাজন্নে মাদান গম লাগে
Can you recommend a good book to read?,আপনি কি একটি ভালো বই পড়ার জন্য সুপারিশ করতে পারবেন?,,,মরে ইক্কো গম বই ও নাম হই দে 
I need a vacation.,আমার একটি ছুটি দরকার।,,,মর ইক্কো ছুটি দরকার
My favorite subject is science.,আমার প্রিয় বিষয় বিজ্ঞান।,,,মর বিজ্ঞান সাবজেক্ট  ও গম লাগে 
Can you help me with my homework?,আপনি কি আমার বাড়ির কাজে সাহায্য করতে পারবেন?,,,তুই হি ম গর হামত বল দি পারিবে? 
I don't like getting up early.,আমি ভোরে উঠতে পছন্দ করি না।,,,মুই বিন্নে পুত্তে উদদে গম পাং
I'm going to a concert tonight.,আমি আজ রাতে একটি সঙ্গীতানুষ্ঠানে যাচ্ছি।,,,মুই ইচ্ছে এক্কান কনসার্ট ওত জাংঅর
Where did you go on your last vacation?,তুমি তোমার শেষ ছুটিতে কোথায় গিয়েছিলে?,,,তুই ত শেষ ছুটি আনত হুদু যিয়োজ?
What's your favorite movie?,তোমার প্রিয় চলচ্চিত্রের ধরণ কী?,,,ত প্রিয় চলচিত্র আন হিদিক্কিন?
Can you recommend a good place to eat?,আপনি কি ভালো খাওয়ার জন্য একটি ভালো স্থান সুপারিশ করতে পারবেন?,,,মরে গম হানা দোগান একক্কান দেগা
I have an appointment with a dentist tomorrow.,আমার আগামীকাল একজন দাঁতের ডাক্তারের সাথে দেখা করার কথা।,,,মর হিল্লে ইক্কো দাদ ও ডাক্তর লই দেগা গুরিবার হদা 
Can I get a glass of water?,আমি কি একটি গ্লাস পানি পাবো?,,,মুই এক গ্লাচ পানি পেম
I'm going to see my family next week.,আমি পরের সপ্তাহে আমার পরিবার দেখতে যাচ্ছি।,,,মুই এজেত্তে সাপ্তাত ম পরিবার সা জাংঅর
Do you have any plans for the evening?,তোমার সন্ধ্যায় কোন পরিকল্পনা আছে?,,,তর সাজন্নে হন হাম আগে? 
What's your favorite weather?,তোমার প্রিয় আবহাওয়ার ধরণ কী?,,,ত প্রিয় দেবা আন হি?
Please consider me your relative.,দয়া করে আমাকে তোমার স্বজন মনে করো।,,,তুই মরে ত সদর মানুজ মনে গুরিজ 
Will I get the bill?,আমি কি বিল পাবো?,,,মুই হি বিল পেম?
I'm going to the theater tonight.,আমি আজ রাতে নাট্যশালাতে যাচ্ছি।,,,ইচ্চে রেদত নাট্যশালাত জাংঅর
What's your favorite holiday?,তোমার প্রিয় ছুটি কী?,,,তর হন বন্ধ বো গম লাগে?
I'm going to a party tomorrow.,আমি আগামীকাল একটি পার্টিতে যাচ্ছি।,,,মুই হিল্লে ইক্কো পর্টিত জাংঅর
What do you like to cook?,তুমি কী রান্না করতে পছন্দ করো?,,,তুই হি রানদে গম পাচ?
I'm going to the beach this week.,আমি এই সপ্তাহে সৈকতে যাচ্ছি।,,,মুই এ সাপ্তাত সাগরত জাংঅর
I need to do some shopping.,আমার কিছু কেনাকাটা করতে হবে।,,,মর হিজু হিনা পুরিবো
What's your favorite music?,তোমার প্রিয় সঙ্গীতের ধরণ কী?,,,ত প্রিয় গান আন হিদিক্কিন?
I'm going to a wedding next month.,আমি পরের মাসে একটি বিয়েতে যাচ্ছি।,,,সামনে মাজত মুই এক্কান মেলাত জংঅর
Can you recommend a good place to visit?,আপনি কি একটি ভালো দর্শনীয় স্থান সুপারিশ করতে পারবেন?,,,মরে এক্কান দোল বেরেবার জাগা দেগে দে
I need to buy a new laptop.,আমার একটি নতুন ল্যাপটপ কিনতে হবে।,,,মর এক্কান নো ল্যাপটপ লাগিবো
What's your favorite type of dessert?,তোমার প্রিয় মিষ্টান্নের ধরণ কী?,,,তুই হন মিষ্টি বো গম পাজ
Could you please try turning up the volume?,আপনি কি দয়া করে ভলিউম বাড়ানোর চেষ্টা করতে পারেন?,,,তুই এক্কা সাউন্ড ও বারা 
I have a job interview next week.,আমি পরের সপ্তাহে একটি চাকরির ইন্টারভিউ দিতে যাচ্ছি।,,,মুই সামনে মাজত এক্কান ইন্টারভিউ দে জাংঅর
What's your favorite type of exercise?,তোমার প্রিয় ব্যায়ামের ধরণ কী?,,,তর হন ব্যায়াম আন গম লাগে?
Please make a reservation for two.,দয়া করে দুইটির জন্য রিজার্ভেশন করুন।,,,হুজুলি গুরি হংঅর দিবে রিজার্ব গুরি দে
I'm going to a business meeting tomorrow.,আমি আগামীকাল একটি ব্যবসায়িক মিটিংয়ে যাচ্ছি।,,,মুই হিল্লে এক্কান ব্যবসা মিটিং ওত জাংঅর
Can you hold my bag for me?,আপনি কি আমার সাথে আমার ব্যাগ ধরতে পারবেন?,,,ম লগে বেক্কো এক্কা দরি পারিবে
What's your favorite type of fruit?,তোমার প্রিয় ফলের ধরণ কী?,,,তুই হন ফল্লো গম পাজ?
I'm going to the park with my friends.,আমি আমার বন্ধুদের সাথে পার্কে যাচ্ছি।,,,ম সমাজ্জে উনো লগে পার্কত জাংঅর 
Could you please pass me the menu?,আপনি কি দয়া করে আমাকে মেনু পাস করতে পারবেন?,,,মরে ইন্দি মেনু আন বাগে দে 
I'm going to a music concert next month.,আমি পরের মাসে একটি সঙ্গীত কনসার্টে যাচ্ছি।,,,মুই পর মাজত ইজ্ঞু গানো কন্সার্টত যাঙর
What's your favorite type of flower?,তোমার প্রিয় ফুলের ধরণ কী?,,,তর হন ফুল্ল গম লাগে? 
Please take off your shoes before you enter.,দয়া করে ঢুকার আগে আপনার জুতা খুলুন।,,,গরত সুমিবার আগে চপ্পল আনি হুল
I'm going to a comedy show tonight.,আমি আজ রাতে একটি কমেডি শোয়ে যাচ্ছি।,,,ইচ্চে রেদোত কমেডি শো সা জাংঅর
I need to buy a new shirt.,আমার একটি নতুন জামা কিনতে হবে।,,,মর ইক্কো নো সুলুম হিনা পুরিবো
What's your favorite type of art?,তোমার প্রিয় শিল্পের ধরণ কী?,,,ত প্রিয় শিল্প আন হিদিক্কিন?
Can you please help me with my computer?,আপনি কি দয়া করে আমার কম্পিউটারে সাহায্য করতে পারেন?,,,মরে এক্কা কম্পিউটার ওত বল দে
I'm going to a museum next week.,আমি পরের সপ্তাহে একটি জাদুঘরে যাচ্ছি।,,,সামনে সাপ্তাদ জাদুগরত জেম
Please take a seat and make yourself happy.,দয়া করে একটি সীট নিন এবং নিজেকে সুখী করুন।,,,
I'm going hiking in the mountains.,আমি পাহাড়ে হাইকিং করতে যাচ্ছি।,,,মুই মুরত উদিবার যাঙর।
Could you please pass me the remote control?,আপনি কি দয়া করে আমাকে রিমোট কন্ট্রোল পাস করতে পারবেন?,,,তুই হি মরে হুজুলি গুরি রিমোট কন্ট্রোল আন দি পারিবি?
I'm going to a dance performance next month.,আমি পরের মাসে একটি নৃত্য প্রদর্শনে যাচ্ছি।,,,মুই পর মাজত ইজ্ঞু নাজিয়ে অনুষ্ঠান চেবার যাঙর।
What's your favorite type of drink?,তোমার প্রিয় পানের ধরণ কী?,,,ত প্রিয় পান আন হিদিক্কিন?
I'm going to a seminar on effective learning apps.,আমি একটি কার্যকর শেখা অ্যাপস নিয়ে একটি সেমিনারে যাচ্ছি।,,,মুই ইজ্ঞু কার্যকর শিগিবার এপস লোনেলই ইজ্ঞু সেমিনারঙ যাঙর
I'm going to a sporting event this week.,আমি এই সপ্তাহে একটি খেলার ঘটনায় যাচ্ছি।,,,মুই এই সাপ্তাত ইজ্ঞু হিলিবায় ঘটনাত যাঙর
What's your favorite type of bread?,তোমার প্রিয় রকমের রুটি কী?,,,ত প্রিয় রুটি আন হিদিক্কিন?
Please don't be late.,দয়া করে দেরি করবেন না।,,,হুজুলি গুরি দেরি নগুরিজ
I'm going to a film screening next month.,আমি পরের মাসে একটি ছবির প্রদর্শনীতে যাচ্ছি।,,,মুই পর মাজত ইজ্ঞু ছবি প্রদর্শনীত যাঙর
Could you please pass me the salad?,আপনি কি দয়া করে আমাকে সালাদ পাস করতে পারবেন?,,,তুই হি মরে হুজুলি গুরি ইজ্ঞু সালাত দি পারিবি?
I'm going to a comedy club tonight.,আমি আজ রাতে একটি কমেডি ক্লাবে যাচ্ছি।,,,মুই ইচ্ছি রেডত ইজ্ঞু কমেডি ক্লাবত যাঙর
What's your favorite type of pasta?,তোমার প্রিয় রকমের পাস্তা কী?,,,ত প্রিয় পাস্তা আন হিদিক্কিন?
What's your favorite language learning app?,তোমার প্রিয় ভাষা শেখার জন্য অধ্যয়ন অ্যাপ কী?,,,ত প্রিয় ভাষা শিগিবার হনো এপস আগে?
I'm going to a cooking class next week.,আমি পরের সপ্তাহে একটি রান্নার ক্লাসে যাচ্ছি।,,,মুই পর সাপ্তাত ইজ্ঞু তোন রানানা শিগিবার ক্লাসত যাঙর
What's your favorite type of vegetable?,তোমার প্রিয় সবজির ধরণ কী?,,,ত প্রিয় সবজি আন হিদিক্কিন?
"Please stay calm, I'm concentrating.","দয়া করে শান্ত থাকুন, আমি মনোনিবেশ করছি।",,,"হুজুলি গুরি জুরো থাক, মুই মনোসংযোগ গরঙর"
I'm going to a film festival next month.,আমি পরের মাসে একটি চলচ্চিত্র উৎসবে যাচ্ছি।,,,মুই পর মাজত ইজ্ঞু চলচিত্র উৎসবত যাঙর 
I'm going to a charity event next week.,আমি পরের সপ্তাহে একটি চ্যারিটি ইভেন্টে যাচ্ছি।,,,মুই পর সাপ্তাত ইজ্ঞু চ্যারিটি ইভেন্ট যাঙর 
What's your favorite type of chocolate?,তোমার প্রিয় চকোলেটের ধরণ কী?,,,ত প্রিয় চগলেট আন হিদিক্কিন?
Can you recommend a good place to have a chat?,আপনি কি একটি ভালো স্থান সুপারিশ করতে পারেন একটি চক্রান্তন করার জন্য?,,,তুই হি মরে ইজ্ঞু গম যাগা সুপারিশ গুরি পারিবি ইজ্ঞু চক্রান্ত  গুরিবার লাই
Turn off your phone during the meeting.,মিটিং সময়ে আপনার ফোন বন্ধ করুন।,,,মিটিং ও সময়ত ত ফোন আন বন্ধ গুরিস
I'm going to a fashion show next month.,আমি পরের মাসে একটি ফ্যাশন শোয়ে যাচ্ছি।,,,মুই পর মাজত ইজ্ঞু ফ্যাশন শোত যাঙর
What's your favorite kind of soup?,তোমার প্রিয় সুপের ধরণ কী?,,,ত প্রিয় সুপ আন হিদিক্কিন
Can you please pass me the butter?,আপনি কি দয়া করে আমাকে মাখন পাস করতে পারবেন?,,,"তুই হি মরে হুজুলি গুরি, মাখন আন দি পারিবি?"
I'm going to a technology conference next week.,আমি পরের সপ্তাহে একটি প্রযুক্তি কনফারেন্সে যাচ্ছি।,,,মুই পরে সাপ্তাত ইজ্ঞু প্রযুক্তি কনফারেন্স ওত যাঙর
What's your favorite kind of sandwich?,তোমার প্রিয় স্যান্ডউইচের ধরণ কী?,,,ত প্রিয় স্যান্ডউইচ আন হিদিক্কিন? 
"Please don't leave me alone, I'm working."," দয়া করে আমাকে বিচ্ছেদ করবেন না, আমি কাজ করছি।",,,"হুজুলি গুরি মরে বিচ্ছেদ নগুরিস, মুই হাম গরঙর"
I'm going to a poetry reading event next month.,আমি পরের মাসে একটি কবিতা পড়ার ইভেন্টে যাচ্ছি।,,,মুই পর মাজত ইজ্ঞু কবিতা পুড়িবার ইভেন্ট যাঙর। 
What's your favorite kind of ice cream?,তোমার প্রিয় আইস ক্রিমের ধরণ কী?,,,ত প্রিয় আইস্ক্রিম আন হিদিক্কিন? 
Please remember to hold the door open.,দয়া করে দরজা তুলে রাখতে ভুলবেন না।,,,হুজুলি গুরি দরজা আন তুলি রাগদে নোভুলিজ
I'm going to a wine tasting event next week.,আমি পরের সপ্তাহে একটি মদ চেষ্টা করার ইভেন্টে যাচ্ছি।,,,মুই পরে সাপ্তাত ইজ্ঞু মদ চেষ্টা গুরিবার ইভেন্ট যাঙর।
I'm going to a meditation retreat next month.,আমি পরের মাসে একটি ধ্যান অবস্থানে যাচ্ছি।,,,মুই পর মাজত ইজ্ঞু ধ্যানত যাঙর
Can you please pass me the ketchup?,আপনি কি দয়া করে আমাকে কেচাপ পাস করতে পারবেন?,,,তুই হি মরে হুজুলি গুরি ইজ্ঞু কেচ আপ দি পারিবি? 
Can you please pass me the napkin?,আপনি কি দয়া করে আমাকে ন্যাপকিন পাস করতে পারবেন?,,,তুই হি মরে হুজুলি গুরি ইজ্ঞু ন্যাপকিন দি পারিবি? 
I'm going to a book club meeting next week.,আমি পরের সপ্তাহে একটি বই ক্লাব মিটিংয়ে যাচ্ছি।,,,মুই পরে সাপ্তাত ইজ্ঞু বই ক্লাবর মিটিং ওত যাঙর 
What's your favorite kind of juice?,তোমার প্রিয় রসের ধরণ কী?,,,ত প্রিয় রস আন হিদিক্কিন? 
"Please, I'm talking and you're listening.",দয়া করে আমি কথা বলছি এবং আপনি আমার কথা বুঝতে দেখছেন।,,,হুজুলি গুরি মুই হদা হঙর আর তুই ম হদা আন বুঝিবার চর
I'm going to a gardening workshop next month.,আমি পরের মাসে একটি বাগান করার কারখানা যাচ্ছি।,,,মুই পর মাজত ইজ্ঞু বাগান গুরিবার কারখানাত যাঙর
What's your favorite kind of cake?,তোমার প্রিয় কেকের ধরণ কী?,,,ত প্রিয় কেক আন হিদিক্কিন? 
Can you recommend a good place to have a picnic?,আপনি কি একটি ভালো স্থান সুপারিশ করতে পারেন একটি পিকনিক করার জন্য?,,,তুই হি মরে ইজ্ঞু গম যাগা সুপারিশ গুরি পারিবি পিনিকর লাই
I'm going to a technology expo next week.,আমি পরের সপ্তাহে একটি প্রযুক্তি এক্সপোতে যাচ্ছি।,,,মুই পর সাপ্তাত ইজ্ঞু প্রযুক্তি এক্সপোত যাঙর
What is your favorite type of wine?,তোমার প্রিয় মদের ধরণ কী?,,,ত প্রিয় মদ আন হিদিক্কিন 
Can you please pass me the salt and pepper?,আপনি কি দয়া করে আমাকে লবণ এবং মরিচ পাস করতে পারবেন?,,,তুই হি মরে হুজুলি গুরি মরিচ আর নুন আন দি পারিবি?
I'm going to a movie premiere next month.,আমি পরের মাসে একটি চলচ্চিত্র প্রিমিয়ারে যাচ্ছি।,আম্বুন শট্নিও গিশা সিনেমা প্রিমিয়ার ছা রিয়াং নো,,মুই পর মাজত ইজ্ঞু চলচিত্র প্রিমিয়ারত যাঙর।
What is your favorite type of biscuit?,তোমার প্রিয় বিস্কুটের ধরণ কী?,নাঙনি সীনবাদ গুব্বা বিস্কিট বাগুবা?,,ত প্রিয় বিস্কুট আন হিদিক্কন ?
What is your favorite type of vegetable?,তোমার প্রিয় সবজির ধরণ কী?,নাঙনি সীনবাদ গুব্বা সামবিজাক বাগুবা?,,ত প্রিয় সবজি আন হিদিক্কন?
Can you recommend a good place to go hiking?,আপনি কি একটি ভালো স্থান সুপারিশ করতে পারেন একটি হাইকিং করার জন্য?,হাইকিং দাগনা নি নাম্মা আ•দাম নি বিমুং কো আগন্না মান্নো?,,তুই হি মরে ইজ্ঞু গম যাগা সুপারিশ গুরি পারিবি হাইকিং অর লাই।
I'm going to a comedy movie tonight.,আমি আজ রাতে একটি কমেডি চলচ্চিত্রে যাচ্ছি।,দশাল ওল্লু অঙ্গা কমেডি সিনেমা নিনা রেয়াং নো,,মুই ইচ্ছি রেডত ইজ্ঞু কমেডি চলচিত্র যাঙর।
What is your favorite type of sauce?,তোমার প্রিয় সসের ধরণ কী?,নাঙনি সীনবাদ গুব্বা সস বাগুবা?,,ত প্রিয় সস আন হিদিক্কন?
What is your favorite type of juice?,তোমার প্রিয় রসের ধরণ কী?,না•আ মনি বিচ্চি কো সিন্না?,,ত প্রিয় রস আন হিদিক্কিন? 
Could you please make a photocopy of this document?,আপনি কি দয়া করে এই দস্তাবেজের একটি ফটোকপি তৈরি করতে পারেন?,না•আ কা•সাপয় বা ডকুমেন্ট নি ফটোকপি দাগগি হন্না মান্নো?,,তুই হি মরে হুজুলি গুরি এই দস্তাবেজর ইজ্ঞু ফটোকপি দি পারিবি?
I'm going to a poetry slam tonight.,আমি আজ রাতে একটি কবিতা স্ল্যামে যাচ্ছি।,অঙ্গা দা•শাল ওল্লু গিশা কমেডি স্লাম ছা রিয়াং নো,,মুই ইচ্ছি রেডট ইজ্ঞু কবিতা স্লামত যাঙর।
What is your favorite type of coffee?,তোমার প্রিয় কফির ধরণ কী?,নাঙনি সীনবাদ গুব্বা কফি বাগুবা?,,ত প্রিয় কফি আন হিদিক্কন?
I need to buy a new phone charger.,আমার একটি নতুন ফোন চার্জার কিনতে হবে।,অঙ্গ•না গিশা গিতাল ফোন নি চার্জার ব্রি•না নাং নো,,মর ইজ্ঞু নুয়ো ফনো চার্জার হিনা পুরিবু।
I need to buy a new phone charger.,আমার একটি নতুন ফোন চার্জার কিনতে হবে।,অঙ্গ•না গিশা গিতাল ফোন নি চার্জার ব্রি•না নাং নো,,মর ইজ্ঞু নুয়ো ফনো চার্জার হিনা পুরিবু।
What is your favorite type of sport?,তোমার প্রিয় খেলার ধরণ কী?,না•আ বাগুবা খাল্লা সীনবাদ•দা?,,ত প্রিয় হারা আন হিদিক্কন?
Could you please close the window?,আপনি কি দয়া করে জানালাটি বন্ধ করতে পারবেন?,কাসা পাই কেলকি কো চিপচাং না মান্নো?,,তুই হি হুজুলি গুরি জানালা  আন বন্ধ গুরি পারিবি?
I'm going to a comedy club next week.,আমি পরের সপ্তাহে একটি কমেডি ক্লাবে যাচ্ছি।,আম্বুন শট্নিও গিশা কমেডি ক্লাব ছা রিয়াং নো।,,মুই পর সাপ্তাত কমেডি ক্লাবত যাঙর।
What is your favorite type of pizza?,তোমার প্রিয় পিজার ধরণ কী?,না•আ বাদাগা পিজ্জা কো সিন্না?,,ত প্রিয় পিজা আন হিদিক্কন।
I'm going to a dance performance next month.,আমি পরের মাসে একটি নৃত্য প্রদর্শনে যাচ্ছি।,আম্বুন যাসাও রোয়া নিনা রিয়াং নো।,,মুই পর মাজত ইগু নৃত্য প্রদর্শনীত যাঙর।
What is your favorite type of dessert?,তোমার প্রিয় ডিজার্টের ধরণ কী?,নাঙনি সীনবাদ গুব্বা ডেজার্ট বাগুবা?,,ত প্রিয় ডিজার্ত আন হিদিক্কন?
Please make a reservation for two.,দয়া করে দুইটির জন্য রিজার্ভেশন করুন।,কাসা পাই গি•গিনিং না রারিকি দন বো।,,হুজুলি গুরি দি আনোর লাই বিজার্ভ গুরিজ।
I'm going to the park with my friends.,আমি আমার বন্ধুদের সাথে পার্কে যাচ্ছি।,অংনি বাজুরাং•মুং পার্ক ছা রিয়াংগা।,,মুই ম সমাজ্জি উন লোই পার্কত যাঙর।
I'm going to a music concert next month.,আমি পরের মাসে একটি সঙ্গীত কনসার্টে যাচ্ছি।,আম্বুন যাসাও গিশা গিট কনসার্ট ছা রিয়াং নো।,,মুই পর মাজত ইজ্ঞু গানর কনসার্টত যাঙর।
What is your favorite type of flower?,তোমার প্রিয় ফুলের ধরণ কী?,না•আ বাদাগা বিবল কো সীনবাদা?,,ত প্রিয় ফুল আন হিদিক্কন?
Can you recommend a good place to have a picnic?,আপনি কি একটি ভালো স্থান সুপারিশ করতে পারেন একটি পিকনিক করার জন্য?,পিকনিক দাগ্নানি নাম্মা আ•দাম নি বিমুং কো আগান না মান্নো?,,তুই হি ইজ্ঞু গম যাগা সুপারিশ গুরি পারিবি পিকনিকর লাই।
What is your favorite type of book?,তোমার প্রিয় বইর ধরণ কী?,না•আ বাদাগা কি•তাপ কো সীনবাদ দা?,,ত প্রিয় বিদ্যা আন হিদিক্কন?
I'm going to a science fair next month.,আমি পরের মাসে একটি বিজ্ঞান প্রদর্শনীতে যাচ্ছি।,অংগা আম্বুন শট্নিও গিশা সায়েন্স এক্সিবিশন ছা রিয়াং নো।,,মুই পর মাজত ইজ্ঞু বিজ্ঞান প্রদর্শনীত যাঙর।
Could you please pass me the salt?,আপনি কি দয়া করে আমাকে লবণ পাস করতে পারবেন?,কা•সা পাই কাসিম হন্না মান্নো মা?,,তুই হি মরে হুজুলি গুরি নুন আন দি পারিবি?
I need to buy a new pair of shoes.,আমার একটি নতুন জুতা কিনতে হবে।,গি•তাল জা•কপ ব্রিনা নাং নো।,,মুই ইজ্ঞু নুয়ো জুতা হিনিবার চাঙ।
Can you recommend a good place to go for a walk?,আপনি কি হেঁটে যাওয়ার জন্য একটি ভালো স্থান সুপারিশ করতে পারবেন?,রামা রি রিয়াংনা নাম্মা আ•দাম নি বিমুং কো আগান না মান্নো মা?,,তুই হি আদি যেবার ইজ্ঞু গম যাগা সুপারিশ গুরি পারিবি?
What is your favorite type of tea?,তোমার প্রিয় চা ধরণ কী?,না•আ বাদাগা চা কো সীনবাদ দা?,,ত প্রিয় চা আন হিদিক্কন ?
Please bring your ID if you're not mistaken.,দয়া করে আপনি যদি ভুল না করেন আপনার আইডি নিয়ে আসুন।,কাসা পাই নাঙ•নি আইডি কো রাই হিবানা মান্নো মা?,,তু হুজুলি গুরি তুই ভুল গুরি নোথাস ই অয় সালে ত আইডি আন আনিজ।
I need to buy a new shirt for my party.,আমার পার্টিতে একটি নতুন শার্ট কিনতে হবে।,পার্টি না গি•তাল শার্ট ব্রি•না নাং নো।,,মর পার্টিত ইজ্ঞু নুয়ো শার্ট লাগি।
What is your favorite type of movie?,তোমার প্রিয় চলচ্চিত্রের ধরণ কী?,নাঙনি সীনবাদ গুব্বা সিনেমা বাগুবা?,,ত প্রিয় চলচিত্র আন হিদিক্কন?
Can you recommend a good place to go for a swim?,আপনি কি একটি ভালো স্থান সুপারিশ করতে পারেন একটি সাঁতার দিতে?,ছি জ্রুনা•নি নাম্মা আ•দাম নি বিমুং কো আগান না মান্নো মা?,,তুই হি মরে সাজুরি বার লাই ইজ্ঞু গম যাগা সুপারিশ গুরি পারিবি?
I'm going to a beach party next month.,আমি পরের মাসে একটি সৈকত পার্টিতে যাচ্ছি।,আম্বুন যাসাও গিশা বিচ পার্টি ছা রিয়াং নো।,,মুই পর মাজত ইজ্ঞ্য সৈকতর পার্টিত যাঙর।
What is your favorite type of hat?,তোমার প্রিয় টোপির ধরণ কী?,না•আ বাদাগা ক্যাপ কো সিন্না?,,ত প্রিয় টপি আন হিদিক্কন?
Please don't be late for the meeting.,দয়া করে মিটিং এর জন্য দেরি করবেন না।,কা•সা পাই মিটিং না দা•আ হারুমা বো।,,হুজুলি গুরি মিটিং অর দেরি নগুরিজ।
I'm going to a technology expo next week.,আমি পরের সপ্তাহে একটি প্রযুক্তি এক্সপোতে যাচ্ছি।,আম্বুন শট্নিও গিশা টেক এক্সপো ছা রিয়াং নো।,,মুই পরে সাপ্তাত ইজ্ঞু প্রযুক্তি এক্সপোত যাঙর।
I have to finish my homework tonight.,আমার আজ রাতে হোমওয়ার্ক শেষ করতে হবে।,দশাল ওল্লো হোমওয়ার্ক বোনেট না নাং নো।,,মরে ইচ্চি রেডত হোমআর্ক শেজ গরা পুরিবু।
Please bring your umbrella without making a mistake.,দয়া করে ভুল না করে আপনার ছাতা নিয়ে আসুন।,কা•সা পাই নাং•নি সত্তা কো রাবা•বো।,,হুজুলি গুরি ভুল নগুরিনেই ইজ্ঞু ছাতা আন।
Can you help me with my math problem?,আপনি কি আমার গণিতের সমস্যা সহায় করতে পারবেন?,না•আ অংনি ম্যাথ কো দাগ্না ডাকচাক না মান্নো মা?,,তুই হি মরে গনিত আনত সাহায্য গুরি পারিবি?
I'm going to the library to study.,আমি অধ্যয়নের জন্য লাইব্রেরি যাচ্ছি।,অংগা স্টাডি দাগ্না নি লাইব্রেরি ছা রিয়াং•গা।,,মুই পুড়িবার লাই লাইব্রেরিত যাঙর।
What is your favorite subject at school?,তোমার প্রিয় বিষয় কী স্কুলে?,স্কুল ছা বাকী সীনবাদ গুব্বা সাবজেক্ট বাগুবা?,,ত প্রিয় বিষয় আন হি স্কুলত?
Can you explain this concept to me?,আপনি কি এই ধারণাটি আমাকে ব্যাখ্যা করতে পারবেন?,না•আ বা কনসেপ্ট কো তলে আগন্না মান্নো মা?,,তুই হি মরে এই ধারনা আন ব্যাখ্যা দি পারিবি?
I need to study for a test.,আমার পরীক্ষা প্রস্তুতি করতে হবে।,অংনি এক্সাম নি প্রিপারেশন রানা নাং নো।,,মর পরীক্ষা প্রস্তুতি লই পুরিবু।
What is the deadline for submitting an assignment?,অ্যাসাইনমেন্ট জমা দেওয়ার শেষ তারিখ কত?,অ্যাসাইনমেন্ট হন্না নি বোন•চট গিপা তারিখ বাশুগু?,,অ্যাসাইনমেন্ট জমা দিবার লাস্ট ডেট হদক?
I'm going to a study group tomorrow.,আমি আগামীকাল একটি অধ্যয়ন গোষ্ঠীতে যাচ্ছি।,আম্বুন গিশা স্টাডি গ্রুপ মুং রিয়াং নো।,,মুই হিল্লি ইজ্ঞু পুড়িবার গোষ্ঠীত যাঙর।
Can you recommend a good book for me?,আপনি কি আমার জন্য একটি ভালো বই সুপারিশ করতে পারবেন?,না•আ কা•সাপাই নাম্মা কিতাপ নি বিমুং কো আগন্না মান্নো মা?,,তুই হি মর লাই ইজ্ঞু বিদ্যা সুপারিশ গুরি পারিবি?
I need to buy some stationery for school.,আমার স্কুলের জন্য কিছু স্টেশনারি কিনতে হবে।,অং•নি স্কুল না স্টেশনারি ব্রি•না নাং নো।,,মর ইস্কুলর লাই ইজ্ঞু স্টেশনারি হিনা পুরিবু।
What is your favorite type of pen?,তোমার প্রিয় কলমের ধরণ কী?,নাঙনি সীনবাদ গুব্বা পেন বাগুবা?,,ত প্রিয় হলম আন হিদিক্কন?
I'm going to a science fair next month.,আমি পরের মাসে একটি বিজ্ঞান মেলায় যাচ্ছি।,আম্বুন শট্নিও গিশা সায়েন্স ফেয়ার ছা রিয়াং নো।,,মুই পর মাজত ইজ্ঞু বিজ্ঞান মেলায যাঙর।
Can you please explain this theorem to me?,আপনি কি দয়া করে এই উপপাদ্যটি আমাকে ব্যাখ্যা করতে পারবেন?,কা•সা পাই বা থিওরেম কো অং•না নাম্মি আগান না মান্নো?,,মরে হুজুলি গুরি এই উপপাদ্য আন মরে ব্যাকখা গুরি পারিবি?
I need to write a research paper for my class.,আমার ক্লাসের জন্য একটি গবেষণা পত্র লিখতে হবে।,অংনি ক্লাস না গিশা রিসার্চ লেটার ছখনা নাং•নো।,,মরে ক্লাস অর লাই ইজ্ঞু গবেষনা পত্র লিগা পরিবু
What is your favorite type of notebook?,তোমার প্রিয় নোটবুকের ধরণ কী?,নাঙনি সীনবাদ গুব্বা নোটবুক বাগুবা?,,ত প্রিয় নোটবুক আন দি হিদিক্কিন
Can you help with my science project?,আপনি কি আমার বিজ্ঞান প্রকল্পে সাহায্য করতে পারবেন?,না•আ অংনি সায়েন্স প্রজেক্ট ও ডাকচাক না মান্নো?,,তুই হি ম বিজ্ঞান প্রকল্পট সাহায্য গুরি পারিবি?
I'm going to a literature lecture.,আমি সাহিত্যের একটি লেকচারে যাচ্ছি।,অং•গা লিটারেচার নি গিশা লেকচার ছা রিয়াং নো।,,মুই সাহিত্যের ইজ্ঞু লেকচারট যাঙ অর
What is your favorite type of ruler?,তোমার প্রিয় রুলারের ধরণ কী?,না•আ বাদাগা রুলার কো সীনবাদ দা?,,ত প্রিয় রুলার আন হিদিক্কিন?
Can you recommend a good website to study for?,আপনি কি একটি ভালো ওয়েবসাইট সুপারিশ করতে পারবেন অধ্যয়নের জন্য?,পড়িনা নি নাম্মা মামুং ওয়েবসাইট নি বিমুং কো আগান না মান্নো মা?,,তুই হি ইজ্ঞু গম ওয়েবসাইট সুপারিশ গুরি পারিবি মরে পুরিবার লাই?
I'm going to a history seminar.,আমি ইতিহাসের একটি সেমিনারে যাচ্ছি।,অং•গা হিস্ট্রি নি গিশা লেকচার ছা রিয়াং নো।,,মুই ইতিহাসের ইজ্ঞু সেমিনারট যাঙ অর
What is your favorite subject to study?,তোমার প্রিয় অধ্যয়নের বিষয় কী?,না•আ পড়িনা বাগুবা সাবজেক্ট কো সীনবাদ দা?,,ত প্রিয় পুরিবার বিষ্য আন হি?
I'm going to a factory to improve my writing skills.,আমি লেখা দক্ষতা নিয়ে একটি কারখানায় যাচ্ছি।,অং•গা লেখিয়া সুনিঙ্গা•নি গিশা ফ্যাক্টরি ছা রিয়াং নো।,,মুই লিগিবার দক্ষতা লনেলই ইজ্ঞু কারখানাত যাঙ অর
What is your favorite type of backpack?,তোমার প্রিয় ব্যাকপ্যাকের ধরণ কী?,নাঙনি সীনবাদ গুব্বা ব্যাকপ্যাক বাগুবা?,,ত প্রিয় বুগিবার ব্যাগ আন হিদিক্কিন?
Can you help me with my English essay?,আপনি কি আমার ইংরাজি প্রবন্ধে সাহায্য করতে পারবেন?,না•আ অংকো ইংলিশ ও ডাকচাক না মান্নো?,,তুই হি মরে মর ইংরেজি প্রবন্ধ আনট সাহায্য গুরি পারিবি?
I'm going to a language learning seminar.,আমি একটি ভাষা শেখার সেমিনারে যাচ্ছি।,অং•গা গিশা কু•সিক সেমিনার ছা রিয়াং নো।,,মুই ইজ্ঞু ভাষা শিখিবার সেমিনারৎ যাঙ অর
What's your favorite type of highlighter?,তোমার প্রিয় হাইলাইটারের ধরণ কী?,না বাদাগা হাইলাইটার কো সীনবাদা?,,ত প্রিয় হাইলাইটার আন হিদিক্কিন
Can you recommend a good dictionary for me?,আপনি কি আমার জন্য একটি ভালো অভিধান সুপারিশ করতে পারবেন?,না•আ অং•গা নাম্মা ডিকশনারি নি বিমুং কো আগান না মান্নো?,,তুই হি মরে ইজ্ঞু গম অভিধান সুপারিশ গুরি পারিবি?
I'm going to a debate competition.,আমি একটি বিতর্ক প্রতিযোগিতায় যাচ্ছি।,অং•গা গিশা ডিবেট কম্পিটিশন ছা রিয়াং নো।,,মুই ইজ্ঞু্ বিতর্ক প্রতিযোগিতাত যাঙ অর
What's your favorite type of calculator?,তোমার প্রিয় ক্যালকুলেটরের ধরণ কী?,নাঙ•নি সীনবাদ গুব্বা ক্যালকুলেটর বাগুবা?,,ত প্রিয় ক্যাল্কুলেটর আন হিদিক্কিন?
What's the date today?,আজ কি তারিখ?,দা•শাল মো তারিখ?,,ইচ্ছি হি তারিখ?
I'm going to a computer programming exhibition.,আমি একটি কম্পিউটার প্রোগ্রামিং প্রদর্শনীতে যাচ্ছি।,অং•গা গিশা কম্পিউটার এক্সিবিশন ছা রিয়াং নো।,,মুই ইজ্ঞু কম্পিউটার প্রোগ্রামের প্রদর্শনীত যাঙ অর
What's your favorite type of eraser?,তোমার প্রিয় মুছার ধরণ কী?,বাদাগা মুচ্চি•গুব্বা কো সীনবাদা?,,ত প্রিয় মুজিবার আন হিদিক্কিন?
Can you recommend a good app for learning languages?,আপনি কি ভাষা শেখার জন্য একটি ভালো অ্যাপ সুপারিশ করতে পারবেন?,না•আ অং•না কু•সিক সিন্নিং না নি নাম্মা অ্যাপ নি বিমুং কো আগান না মান্নো?,,তুই হি ভাষা শিগিবার লাই ইজ্ঞু আপ সুপারিশ গুরি পারিবি?
I'm going to an environmental science lecture.,আমি একটি পরিবেশ বিজ্ঞান লেকচারে যাচ্ছি।,অংগা গিশা এনভায়রনমেন্টাল সায়েন্স লেকচার ছা রিয়াং নো।,,মুই ইজ্ঞু পরিবেজ বিজ্ঞানের লেকচারট যাঙ অর
What's your favorite laptop for studying?,তোমার প্রিয় ল্যাপটপ অধ্যয়নের জন্য কী?,নাঙনি পড়িনা নি সীনবাদ গুব্বা ল্যাপটপ বাগুবা?,,ত প্রিয় ল্যাপ্টপ আন হি শিগিবার লাই?
Can you help me with my history project?,আপনি কি আমার ইতিহাস প্রকল্পে সাহায্য করতে পারবেন?,না•আ অংনি হিস্ট্রি প্রজেক্ট ও ডাকচাক না মান্নো?,,তুই হি মরে ইতিহাস প্রকল্পট সাহায্য গুরি পারিবি?
I'm going to a time management workshop.,আমি একটি সময় ব্যবস্থাপনা করার কারখানায় যাচ্ছি।,অংগা রাংকশা ম্যানেজমেন্ট ফ্যাক্টরি ছা রিয়াং নো।,,মুই ইজ্ঞু সময় বযাবস্থাপনা কারখানাট যাঙ অর
What's your favorite type of textbook?,তোমার প্রিয় টেক্সটবুকের ধরণ কী?,নাঙনি সীনবাদ গুব্বা টেক্সটবুক বাগুবা?,,ত প্রিয় তেক্সট বুক আন হিদিক্কিন?
I'm looking for a new job.,আমি একটি নতুন চাকরি খুঁজছি,,,মুই ইজ্ঞু নুয়ো চাগুরি টোগাঙ অর
I'm going to an effective study interior workshop.,আমি একটি কার্যকর অধ্যয়ন অভ্যন্তর করার কারখানায় যাচ্ছি।,,,মুই ইজ্ঞু কার্যকর অধ্যয়ন ঢুগিবার কারখানাত যাঙ অর
What's your favorite type of study music?,তোমার প্রিয় অধ্যয়নের সঙ্গীতের ধরণ কী?,নাঙনি সীনবাদ গুব্বা গিট বাগুবা?,,ত প্রিয় অধ্যয়নর গান ন হিদিক্কিন
Can you please give me some tips for concentration?,আপনি কি দয়া করে আমাকে কিছু মনোনিবেশের জন্য টিপস দিতে পারবেন?,কা•সা পাই অং•না মনোযোগ হন্নানি মামুং টিপস হন্না মান্নো?,,তুই হি মরে হুজুলি গুরি হিজু টিপস দিবি নাহি মন আন একাগ্র গুরিবার লাই
What's your favorite type of study snack?,তোমার প্রিয় অধ্যয়ন স্ন্যাকসের ধরণ কী?,না•আ বাদাগুব্বা স্ন্যাকস কো সীনবাদা?,,পুরিবার সময়ত কি নাস্তা গরজ?
I don't like spicy food.,আমি তীক্ষ্ণ খাবার খেতে পছন্দ করি না,অংগা জ্রুয়া ছা•না সিঞ্জা।,,মুই বেজ ঝাল হাবার হে নোপারঙ
I'm going to an effective essay writing workshop.,আমি একটি কার্যকর প্রবন্ধ লেখার কারখানায় যাচ্ছি।,অংগা গিশা আর্টিকেল লেখিয়ানি ফ্যাক্টরি ছা রিয়াং নো।,,মুুই ইজ্ঞু কার্যকর প্রবন্ধ লিগিবার কারখানাত যাঙ অর
What is your favorite type of study environment?,তোমার প্রিয় অধ্যয়ন পরিবেশের ধরণ কী?,না•আ বাদাগা এনভায়রনমেন্ট ও পড়িনা সীনবাদ দা?,,ত প্রিয় সিগিবার পরিবেজ আন হিদিক্কিন?
Can you teach me how to drive?,আপনি কি আমাকে গাড়ি চালানো শেখাতে পারবেন,না•আ অং•না গাড়ি চালাইয়া সিন্নিং না মান্নো মা?,,তুই জি মরে গাড়ি চালানা সেগেবে 
I'm going to a seminar on effective time management for students.,আমি একটি ছাত্রদের জন্য কার্যকর সময় ব্যবস্থাপনা করার সেমিনারে যাচ্ছি,স্টুডেন্ট রাংকো পড়িয়ানি ম্যানেজমেন্ট ফ্যাক্টরি ছা রিয়াং নো।,,মুই ইজ্ঞু ছাত্রর লাই জুরুরি সময় ব্যবস্থা গুরিবার লাই সেমিনারত যাঙ অর
What is your favorite type of study method?,তোমার প্রিয় অধ্যয়ন পদ্ধতির ধরণ কী?,না•আ বাদাগি পড়িনা সীনবাদ দা?,,তর প্রিয় পুরিবার পদ্ধতি আন হি?
I'm thinking about going on vacation.,আমি ছুটিতে যেতে ভাবছি।,অংগা ছুটি ছা রিয়াংনা হামুঙ্গা মুং।,,মুই ছুটিত যেম ভাবঙ্গর
I'm going to a factory with an effective study strategy.,আমি একটি কার্যকর পঠন কৌশল নিয়ে একটি কারখানায় যাচ্ছি।,অং•গা গিশা স্টাডি টেকনিকস রাংকো রাই গিশা ফ্যাক্টরি ছা রিয়াংগা।,,মুই ইজ্ঞু্ঞু জরুরি পঠন হৌশল নিনোনি ইজ্ঞু কারখানাত যাঙ অর
What is your favorite study group activity?,তোমার প্রিয় অধ্যয়ন গোষ্ঠী কার্যকলাপ কী?,,,ত প্রিয় পুরিবার গুষ্ঠি আন অর আলোচনা হি?
I need to buy a new phone.,আমার একটি নতুন ফোন কিনতে হবে।,গিশা গি•তাল ফোন ব্রি•না নাং নো।,,মর ইজ্ঞু নুয়ো ফোন হিনা পুরিবু
I'm going to an effective learning method.,আমি একটি কার্যকর শেখা পদ্ধতিতে যাচ্ছি।,,,মুই ইজ্ঞু হাম পদ্ধতি সিগিবার যাঙ অর
What is your favorite type of study app?,তোমার প্রিয় অধ্যয়ন অ্যাপের ধরণ কী?,বাদাগা অ্যাপ কো সীনবাদা?,,তর প্রিয় পুুরিবার অ্যাপ আন হি?
I'm going to an effective memory method.,আমি একটি কার্যকর মেমোরি পদ্ধতিতে যাচ্ছি।,অংগা গিশা এফিশিয়েন্ট মেমোরি ফ্যাক্টরি ছা রিয়াং•গা।,,মুই ইজ্ঞু কার্যকর শিগিবার পদ্ধতি আনত যাঙ অর
What is your favorite study skill?,তোমার প্রিয় অধ্যয়ন কম্পটেন কী?,নাঙনি পড়িনা নি সীনবাদ গুব্বা কম্পটন বাগুবা?,,তর প্রিয় পুরিবার কম্পটেন হি?
Can I get more coffee?,আমি কি আর কফি পাবো,অংগা কি কফি মাংকু নি?,,মুই হি আরো কফি পেম?
I'm going to a seminar on effective problem-solving skills.,আমি একটি কার্যকর সমস্যা সমাধান দক্ষতা নিয়ে একটি সেমিনারে যাচ্ছি।,অংগা গিশা নেঙনি•কানি ওলগ্রোকাতা কো রাই সেমিনার ছা রিয়াং•গা।,,মুই ইজ্ঞু হাাম সমস্যা সমাধানের দক্ষতা সিগিবার ইজ্ঞু সেমিনারট যাঙ অর
What is your favorite study routine?,তোমার প্রিয় অধ্যয়ন রুটিন কী?,না•আ বাদাগা রুটিন ও পড়িনা সীনবাদা?,,তর প্রিয় পুরিবার রুটিন হি?
Can you recommend a good study partner for me?,আপনি কি আমার জন্য একটি ভালো অধ্যয়ন সঙ্গী সুপারিশ করতে পারবেন?,না•আ অং•না পড়িনা নি নাম্মা রিবেং সান্দি হন্না মান্নো?,,তুই হি মরে ইজ্ঞু গম পুরিবার সঙ্গী সুপারিশ গুরি পারিবি?
I'm going to a factory to meet one.,আমি একজন এর সাথে  যোগাযোগ করার জন্যে একটি কারখানায় যাচ্ছি।,অংগা সাক্সা•মুং গল্পো নি গিশা ফ্যাক্টরি ছা রিয়াং নো।,,মুই এগজন লগে যোগাযোগ গুরিবার লাই কারখানা যাঙ অর
What is your favorite study motivation?,তোমার প্রিয় অধ্যয়ন উৎসাহ কী?,পড়িনা নি নাঙনি সীনবাদ গুব্বা ইনস্পিরেশন মো?,,তর প্রিয় পুরিবার উৎসাহ আন হি?
Can you recommend a good study method for memorization?,আপনি কি মুখস্থ করার জন্য একটি ভালো অধ্যয়ন পদ্ধতি সুপারিশ করতে পারবেন?,মুখস্ত দাগ্নানি নাম্মা টেকনিক কো আগান না মান্নো মা?,,তুই হি মরে ইজ্ঞু্ঞু পড়া মনত রগেবার লাই গম পুরিবার পদ্ধতি সুপারিশ গুরি পারিবি?
I'm going to a seminar on the art of effective test-taking.,আমি একটি কার্যকর পরীক্ষা নেওয়ার কলায় একটি আলোচনাসভায় যাচ্ছি।,অংগা গিশা এফেক্টিভ পরীক্ষার•নি ফ্যাক্টরি ছা রিয়াং নো।,,মুই ইজ্ঞু কার্যকর পরীক্ষে লবার লায় ইজ্ঞু আলোচনা সভাত যাঙর
What is your favorite study chore?,তোমার প্রিয় অধ্যয়ন বিরাট কাজ কী?,,,
How do you spend your evenings?,তুমি কীভাবে তোমার সন্ধ্যায় সময় কাটাও?,না•আ বাদাগি নাঙনি সুমসুম ও নি সময় কো বাডেঙা?,,তুই হেঙোরি ৎ সন্ধ্যা সময় আন হাদাচ?
I am going to a factory with an effective group study method.,আমি একটি কার্যকর গোষ্ঠী অধ্যয়ন পদ্ধতি নিয়ে একটি কারখানায় যাচ্ছি।,,,মুই ইজ্ঞু কার্যকর গোষ্ঠি পুরিবার লই ইজ্ঞু কারখানাত যাঙ অর।
My favorite subject is science.,আমার প্রিয় বিষয় বিজ্ঞান।,অংগনি সীনবাদ গুব্বা সাবজেক্ট সায়েন্স।,,মর প্রিয় বিষয় আন বিজ্ঞেন?
I am going to visit my family next week.,আমি পরের সপ্তাহে আমার পরিবারকে দেখতে যাচ্ছি,আম্বুন শট্নিও অংগনি নকনি মন্দ্রাং কো নিনা রিয়াং নো।,,মুই পরে সাপ্তাত মর পরিবারের চেবার যাঙ অর
What are your plans for the evening?,তোমার সন্ধ্যায় কোন পরিকল্পনা আছে,সুমসুমো না•আ মামুং দাগ্নো মা?,,তর সন্ধ্যাত হন পরিকল্পনা আগে।
What is your favorite type of weather?,তোমার প্রিয় আবহাওয়ার ধরণ কী?,না বাদাগা ওয়েদার কো সীনবাদা?,,ত প্রিয় দেবা আন হি?
What do you like to cook?,তুমি কী রান্না করতে পছন্দ করো,না•আ শং•না রিতনা সিন্না মা?,,তুই হি রানিবার গম পাছ?
I need to do some shopping.,আমার কিছু কেনাকাটা করতে হবে,অংগনি দে মামুং কো ব্রি•না নাং নো।,,মর হিজু হিনা হিনা আগে
I need to buy a new laptop.,আমার একটি নতুন ল্যাপটপ কিনতে হবে,অংগি দে গি•তাল ল্যাপটপ ব্রি•না নাং নো।,,মর ইজ্ঞু্ নুয়ো ল্যাপ্টপ হিনা পুরিবু
What is your favorite type of flower?,তোমার প্রিয় ফুলের ধরণ কী,না•আ বাদাগা বিবল কো সীনবাদা?,,তর প্রিয় ফুললু হি?
What is your favorite type of research project?,তোমার প্রিয় গবেষণা প্রকল্পের ধরণ কী?,নাঙনি সীনবাদ গুব্বা রিসার্চ নি প্রজেক্ট বাগুবা?,,ত প্রিয় গবেষনা আন হি?
I am going to an effective research preparation exhibition.,আমি একটি কার্যকর গবেষণা প্রস্তুতি প্রদর্শনীতে যাচ্ছি।,অংগা গিশা এফেক্টিভ রিসার্চ বানাইগুব্বা ফ্যাক্টরি ছা রিয়াং নো।,,মুই ইজ্ঞু কার্যকর গবেষনা প্রস্তুতিতে প্রদর্শন যাঙ অর 
I am going to a seminar on effective data interpretation.,আমি কার্যকর তথ্য ব্যাখ্যার উপর একটি আলচনাসভায় যাচ্ছি।,অংগা গিশা এফেক্টিভ খবর তলে•আঙ্গুব্বা ফ্যাক্টরি ছা রিয়াংগা।,,মুই ইজ্ঞু কার্যকর তথ্য ব্যাখ্যার উরি ইজ্ঞু আলোচনা সভাত যাঙ অর
What is your favorite type of software for research?,গবেষণার জন্য তোমার কোন ধরনের  সফটওয়্যার  প্রিয়?,রিসার্চ দাগ্না•নি নাঙনি বাদাগা সফটওয়্যার সীনবাদা?,,গবেষনা গুরিবার লাই তর হিদিক্কিন সফটওয়্যার পছন্দ
What is your favorite type of programming language?,তোমার প্রিয় প্রোগ্রামিং ভাষার ধরণ কী?,বাগুবা প্রোগ্রামিং কু•সিক কো না•আ সীনবাদা?,,ত প্রিয় প্রোগ্রামিং ভাষা আন হিদিক্কিন?
I am going to a seminar.,একটি আলোচনাসভায়  যাচ্ছি।,অংগা গিশা আলাপনি সভা ছা রিয়াংগা।,,ইজ্ঞু আলোচনা সভাত যাং অর
What is your favorite type of programming project?,তোমার প্রিয় প্রোগ্রামিং প্রকল্পের ধরণ কী?,নাঙনি সীনবাদ গুব্বা প্রোগ্রামিং প্রজেক্ট বাগুবা?,,ত প্রিয় প্রোগ্রামিং প্রকল্প হিদিক্কিন
I want to go shopping.,আমি কেনাকাটা করতে চাই।,অংগা ব্রি•না ওগল না হামুঙ্গা।,,মুই হিনিবার চাঙ?
I want to buy a new dress.,আমি একটি নতুন পোষাক কেনতে চাই।,অংগা গি•তাল বা•রা চল•লা ব্রি•না হামুঙ্গা।,,মুই ইজ্ঞু নুয়ো সুলুম হিনিবার সাঙ
I want to buy a smartphone.,আমি একটি স্মার্টফোন কেনতে চাই,অংগা গিশা স্মার্টফোন ব্রি•না হামুঙ্গা।,,মুই ইজ্ঞু স্মার্টওয়াচ হিনিবার চাঙ
I want to buy a new watch.,আমি একটি নতুন  ঘড়ি কেনতে চাই।,অংগা গি•তাল ঘড়ি ব্রি•না হামুঙ্গা।,,মুই ইজ্ঞু নুয়ো ঘুড়ি হিনিবার সাঙ
Does this store have a roof?,এই দোকানে কোন ছাদ আছে কি,ইয়া দোকান নি নকখুং ডঙা•মা?,,এই দোয়ান আনত হলো ছাদ আগে নি?
I need it.,আমি এটা প্রয়োজন,অং•না হিং•গুব্বা কো নাং নো।,,মর ইবি লাগিবু
How can I buy it?,আমি এটি কেমন কেনতে পারি?,হিং•গুব্বা কো অংগা বাদাগি ব্রি•না মান্না?,,মুই ইয়ান হেঙোরি হিনি পারিম?
How much does this cloth cost?,এই কাপড়টির মূল্য কত?,ইয়া বা•রা নি দাম বাচিক?,,এই হাবর আনর দাম হদক?
I am willing to buy it.,আমি এটি কেনতে ইচ্ছুক।,অংগা হিং•গুব্বা কো ব্রি•না হামুঙ্গা।,,মুই ইবি হিনিবার চাঙ
Can you show me these shoes?,আপনি এই জুতা গুলি দেখাতে পারেন কি?,না•আ তা জুতা•রাংকো পিনিক•না মান্নো মা?,,তুই এই জুতা আনি দেগে পারিবি
Are these boots in my size?,এই বুটগুলি আমার সাইজের আছে কি?,ইয়া বুট রাং অংগনি সাইজ নি ডঙা মা?,,এই বুট আনি ম সাইজর আগে?
I want to see this chest.,এই বুকে আমি দেখতে চাই।,ইয়া ছেল ও অংগা নিনা হামুঙ্গা।,,মুই এই বুক আনট চেবার সাঙ।
I want to buy it as a gift.,আমি এটি একটি উপহার হিসেবে কিনতে চাই।,অংগা হিং•গুব্বা কো গিফট না নি ব্রি•না হামুঙ্গা।,,মুই ইয়ান এক্কান উপহার ইজেরে লোবার চাঙ
I want to buy this jacket.,আমি এই জাকেটটি কিনতে চাই।,অংগা ইয়া জ্যাকেট কো ব্রি•না হামুঙ্গা।,,মুই এই জেকেট আন হিনিবার চাঙ
I want to buy it for my friend.,আমি এটি আমার বন্ধুর জন্য কিনতে চাই।,অংগা হিং•গুব্বা কো অংগনি বাজু না ব্রি•না হামুঙ্গা।,,মুই ইয়ান মর সমাজ্জির লাই হিনিবার চাঙ
Will it be suitable for the event?,এটি অনুষ্ঠানের জন্য উপযুক্ত হবে কি?,হিং•গুব্বা ইয়া সিরিমনি না নাম্নো মা?,,ইবি অনুষ্ঠানের লাই উপযুক্ত অব হি?
How much do I need this necklace?,আমি এই গলা কত প্রয়োজন।,,,
I want to buy it from here.,আমি এটি এখান থেকে কিনতে চাই।,অংগা হিং•গুব্বা কো হিন•চা নিকো ব্রি•না হামুঙ্গা।,,মুই ইয়ান ইয়ানট্টুন হিনিবার চাঙ
How can I get this t-shirt at a special discount?,এই টিশার্টটি বিশেষ ছাড়ে কি ভাবে পাবো?,ইয়া টি-শার্ট কো দাম কমিমুনা বাদাগি মান্নো?,,এই টিশার্ট আন হেঙোরি বিষেশ ছাড়ট পেম?
How much is the whole set?,এটি পুরো সেট কত টাকা?,গিশা সেট কো বাচি•কিনিং?,,ইয়ান পুরো সেট আন হদক?
Where can I get it?,এটি কোথায় পাবো?,হিং•গুব্বা কো বাচ্ছা মান্নো?,,ইয়ান হুদু পেম?
Is there any kind of offer in this store?,এই স্টোরে কোন প্রকারের অফার আছে?,ইয়া দোকানে মামুং অফার ডঙা মা?,,এই স্টোর আনত হন প্রকারর অফার আগে?
Is it in stock?,এটি স্টকে আছে কি?,হিং•গুব্বা স্টক ও ডঙা মা?,,ইয়ান স্টক ওট আগে হি?
I want to try this product.,আমি এই প্রোডাক্টটি ট্রায়াল করতে চাই।,ইয়া প্রোডাক্ট কো ট্রায়াল দাগি নিনা হামুঙ্গা।,,মুই এই প্রোডাক্ট আন এক্কা ট্রায়াল গুরিবার চাঙ
Is this size right for me?,এই সাইজ আমার জন্য ঠিক আছে কি?,ইয়া সাইজ অং•না হং•নো মা?,,এই সাইজ আন মর লাই ঠিক আগে।
This color is my favorite color.,এই কালারটি আমার পছন্দের কালার।,ইয়া রঙ দে অং•নি সীনবাদ গুব্বা রঙ।,,এই রঙ আন মর লাই দোল রঙ
When might this brand be needed?,এই ব্র্যান্ডের কোন সময় প্রয়োজন হতে পারে?,ইয়া ব্র্যান্ড বাশুগু নাংগিনা বা গিন্নাং?,,এই ব্র‍্যান্ড আন হন সময়ট লাগি পাবে?
I want to buy these shoes as a gift.,আমি এই জুতাগুলি একটি উপহার হিসেবে কিনতে চাই।,অংগা ইয়া জুতা রাঙ্গা কো গিফট না নি ব্রি•না হামুঙ্গা।,,মুই এই জুতো উন ইজ্ঞু উপকার ইজেবে পেবার চাঙ
Is there a shadow on this fabric?,এই কাপড়ের উপর কোন ছায়া আছে কি?,ইয়া বা•রা ও ডিসকাউন্ট ডঙা•মা?,,এই হাবর আনর উরো হনো ছায়া আগে নাহি?
How much do these shoes cost?,আমি এই জুতাগুলির দাম কত?,ইয়া জুতা রাংনি দাম বাচি•কিনিং।,,এই জুতো উনোর দাম হদক?
What brand is this watch?,এই ওয়াচটি কোন ব্র্যান্ডের?,ইয়া ঘড়ি বাগুবা ব্র্যান্ড নি?,,এই ঘুড়ি আন হন ব্র‍্যান্ড অর?
I want to see the condition of it.,আমি এটি পরিস্থিতি দেখতে চাই।,অংগা হিনি আ•সেল কো নিনা হামুঙ্গা।,,মুই এই পরিস্থিতি আন চেবার চাঙ
How is this jewelry?,এই গহনাটি কিভাবে পরিস্থিতি তারা?,,,এই গয়না উন লোই হেঙোরি তারা চিনোন
I want to buy this product as a gift.,আমি এই প্রোডাক্টটি একটি উপহার হিসেবে কিনতে চাই।,,,মুই এই প্রোডাক্ট আন ইজ্ঞু উফার ইজোর পেবার চাঙ
This could be a gift for me.,এটি আমার জন্য একটি উপহার হতে পারে।,অংগা ইয়া প্রোডাক্ট কো গিফট না নি রানা হামুঙ্গা।,,ইয়ান মোর লাই ইজ্ঞু উপহার ওই পারে
Do these shoes have my size?,এই জুতাগুলি আমার সাইজের আছে কি?,ইয়া জুতা রাং অংগনি মাপনি হংনো মা?,,এই জুতো উন ম সাইজের আগে?
What time might this store be needed?,এই স্টোরে কোন সময় প্রয়োজন হতে পারে?,ইয়া স্টোর ও মামুং নাঙ্গি না বা গিন্নাং মা?,,এই স্টোর আনত হন সময় অট লাগি পারে
Is this available in my size?,এই কালারের প্রোডাক্টটি আছে কি? (,ইয়া রঙ নো প্রোডাক্ট ডঙা মা?,,এই হালার অর প্রোডাক্ট আগে নাহি
Is this my size?,এটি আমার সাইজের আছে কি?,হিং•গুব্বা অংগনি মাপনি ডঙা মা?,,ইয়ান ম সাইজর আগে নাহি?
How much is this dress selling for?,এই পোশাকটি কত দিয়ে বিক্রয় হচ্ছে?,ইয়া বা•রা কো বাচিক•নিং না পালুঙ্গা?,,এই সিলুম আন হদক দি বিজিবি?
I want to buy a new camera.,আমি একটি নতুন ক্যামেরা কেনতে চাই।,অংগা গিশা গি•তাল ক্যামেরা ব্রি•না হামুঙ্গা।,,মুই ইজ্ঞু নুয়ো ক্যামেরা লোবার চাঙ
I want to see this line of jewelry.,আমি এই সারি গহনা দেখতে চাই।,অংগা শাড়ি অরোবা নিতোটানি কো নিনা হামুঙ্গা।,,মুই এই সারি গায়না আনি চেবার সাঙ
I like the style of this fabric.,এই কাপড়ের স্টাইলটি আমার ভালো লাগছে।,ইয়া বা•রা নি স্টাইল কো নাম্মি নিকজক।,,এই হাবর আনর স্টাইল আন মর গম লাক্কি
Is this product practical?,এই প্রোডাক্টটি কি ব্যবহারিক?,ইয়া প্রোডাক্ট কো ইউজ দাগ্না মান্নো মা?,,এই প্রোডাক্ট আন হি ব্যবআর উয়ি?
Where can I get these boots?,এই বুটগুলি কোথায় পাবো?,ইয়া বুট রাংকো বানু মান্নো?,,এই বুট আনি হুদু পেম?
Can I pay by credit card?,এটি কি ক্রেডিট কার্ডে পরিশোধ করতে পারি?,হিং•গুব্বা কো ক্রেডিট কার্ড ছা হন্না মান্নো মা?,,ইয়ান হি ক্রেডিট কার্ডট সুজি পারিম?
I want to try these shoes.,আমি এই জুতাগুলি পরীক্ষা করতে চাই।,অংগা ইয়া জুতা রাংকো টেস্ট দাগি নিনা হামুঙ্গা।,,মুই এই জুতো উন পরীক্ষে লোবার চাঙ
Can this be free shipping?,এটি কি বিনামূল্যে শিপিং হতে পারে?,হিং•গুব্বা কো টাকা গ্রি ওয়াডেড না মান্নো মা?,,ইয়ান হি মাআনা শিপিং গুরি পারিবু?
Are these trousers in my size?,এই ট্রাউজারগুলি আমার সাইজের আছে কি?,ইয়া ট্রাউজার রাং অং•নি সাইজ নি ডঙা মা?,,এই ট্রাউজার আনি হি ম সাইজর আগে?
I want to buy it for my family member.,আমি এটি আমার পরিবারের সদস্যের জন্য কিনতে চাই।,হিং•গুব্বা কো অংগনি নকনি মন্দি রাং না রা•না হামুঙ্গা।,,মুই ইয়ান মর পরিবার অর মানুজোর লাই লোবার চাই
I don't want it to be second-hand.,আমি এটি পুরানো ব্যবহৃত জিনিস চাই না।,অংগা দো•সাক্ষা নি ইউজ দাগুবা কো রা•না মান্জানো।,,মুই এই পুরোন ব্যভার গুরি যিয়ি জিনিজ নোগাঙ
I want to buy this suit as a gift.,এই সুইটটি আমি একটি উপহার হিসেবে কিনতে চাই।,ইয়া সুইট কো অংগা গিফট না নি রা•না হামুঙ্গা।,,এই সুইটআন মুই ইজ্ঞু উপহার ইজেরে লোবার চাই
Is it a need?,এটি কি প্রয়োজনের মধ্যে?,হিং•গুব্বা কো নাং নো মা?,,ইয়ান হি লাগিবার?
Are these shoes trendy?,এই জুতাগুলি কি ট্রেন্ডি?,ইয়া জুতা রাং ট্রেন্ডি মা?,,এই জুতো উন হি ট্রেন্ডি?
Is it a need or a want?,এটি একটি প্রয়োজন কি অথবা একটি ইচ্ছা?,হিং•গুব্বা কো নাং•নো না হাসিগ রমরম?,,ইয়ান হি লাগিবার বা ইজ্ঞু ইচ্ছে?
"I want it, but my budget is limited.","আমি এটি চাই, কিন্তু আমার বাজেট সীমিত",অংগা হিং•গুব্বা কো হামিঙ্গা ইন্ডিয়োবা অংগা ব্রি•না হামুঙ্গা।,,মুই ইয়ান চাঙ হিন্তু ম বাজেট হম
What is the feel of these shoes?,এই জুতাগুলির জন্য অনুভূতি কী?,না•আ বাদাগা কো দাম বাচি•কিনিং।,,এই জুতা আনির লাই অনুভূতি হি?
How is the quality of this fabric?,এই কাপড়ের মান কেমন?,,,এই হাবর আনর মান হিদিক্কিন
Are these shoes compact and stylish?,এই জুতাগুলি কি কমপ্যাক্ট এবং স্টাইলিশ?,,,এই জুতো উন হি কম্প্যাক্ট আর স্টাইলিশ?
Has this product received enough user reviews?,এই প্রোডাক্টটি কি ব্যবহারকারীদের পর্যাপ্ত রেভিউ পেয়েছে?,,,এই পণ্য আন হি যথেষ্ট রিভিউ পিয়ি যিগুন ব্যবহার গুচ্ছোং?
Are there any designs on this fabric?,এই কাপড়ের উপর কোন ডিজাইন আছে?,,,এই হাবর আনর হন ডিজাইন আগে?
Is this fabric durable?,এই কাপড়টি স্থায়ী কিনা,,,এই হাবর আন স্থায়ী নাহি?
Do these shoes look great?,এই জুতাগুলি কি চমৎকার দেখতে?,,,এই জুতো উন দেগতে চমৎকার 
Are these boots right for me?,এই বুটগুলি আমার জন্য ঠিক আছে কি?,,,এই বুট আনি হি মর লাই ঠিগ আগে?
How much is this garment selling for?,এই পোশাকটি কত দিয়ে বিক্রয় হচ্ছে?,,,এই হাবর আন হদক দি বেজা জেব?
Is this size in my size?,এটি আমার সাইজের আছে কি?,,,ইয়ান ম সাইজের আগে
Bangladesh is a South Asian country.,বাংলাদেশ একটি দক্ষিণ এশিয়ান দেশ।,,,বাংলাদেজ আন ইজ্ঞু দক্ষিণ এশিয়ার দেজ
Dhaka is the capital and largest city of Bangladesh.,ঢাকা বাংলাদেশের রাজধানী এবং সবচেয়ে বড় শহর।,,,ঢাকা বাংলাদেজর রাজধানী এবং বেগ দাঙর শহর
Bangladesh is a populous country.,বাংলাদেশ একটি জনবহুল দেশ।,,,বাংলাদেজ ইজ্ঞু জনবহুল দেজ
Bangladesh is located between the Ganges and Brahmaputra rivers.,গঙ্গা ও ব্রহ্মপুত্র নদীর মধ্যে অবস্থিত বাংলাদেশ।,,,গংগা ও বক্ষপুত্র নদীতল্র আনির মধ্যেন্দি বাংলাদেজ আন আগে
"According to the origin of Bangladesh, it experiences heavy rainfall.",বাংলাদেশের সূচনা অনুযায়ী বৃষ্টিতে প্রচুর আবহাওয়া হয়,,,বাংলাদেহর আবহাওয়া সূচনা ইনুসারে বেজ ঝড় বুয়ের অর
Rajshahi is the last major city of Bangladesh.,রাজশাহী বাংলাদেশের শেষ বড় শহর।,,,মুই এই শাড়ি গহনা আনি সেবার সাঙ
Sundarbans is a special wetland in Bangladesh.,সুন্দরবন বাংলাদেশের একটি বিশেষ জলভূমি।,,,সন্দরবন আন বাংলাদেজের ইজ্ঞু বিশেষ জলভুমি
Bengali is the main language in Bangladesh.,বাংলাদেশে বাংলা ভাষা প্রধান ভাষা,,,বাংলাদেজট বাংলা আন প্রধান ভাষা
Bangladesh is the largest language-speaking country in the world.,বাংলাদেশে বিশ্বের বৃহত্তম ভাষাভাষী দেশ,,,বাংলাদেজ আন বিশ্ব আনট দাঙর ভাষাভাষির দেজ
Bangladesh's local currency is the taka.,বাংলাদেশের স্থানীয় মুদ্রা টাকা।,,,বাংলাদেজর স্থানীয় মুদ্রা আন টেঙা
Bangladesh has a famous shawl and cloth system.,বাংলাদেশে বহুচর্চিত শাল ও কাপড় প্রণালী।,,,বাংলাদেজত বেজ চর্চা অয়দি শাল আর হাবর ও প্রনালী।
Bangladesh has a large number of Rohingya refugees.,বাংলাদেশে রোহিঙ্গা শরণার্থী বহুল সংখ্যক।,,,বাংলাদেজট রোহিংগা শরনার্থী বেজ।
Bangladesh is a fairly large country from a geographical point of view.,ভূগোলের দৃষ্টিকোণ থেকে বাংলাদেশ একটি প্রায়প্ত সমবায়।,,,ভূগোলোর দৃষ্টিকোনাট্টোন বাংলাদেজ ইজ্ঞু প্রায়প্ত সমবায়
Bangladesh is proud of its cultural heritage of the Bangladesh Liberation War.,বাংলাদেশে বাংলাদেশ মুক্তিযুদ্ধ সাংস্কৃতিক ঐতিহ্যে গর্বিত।,,,বাংলাদেজত বাংলাদেশ মুক্তিযুদ্ধ সাংস্কৃতিক ঐতিহ্যের লাই গর্বিত।
Pahela Boishakh is widely celebrated as the first day of the year in Bangladesh.,পহেলা বৈশাখ বাংলাদেশে বছরের প্রথম দিন হিসেবে প্রচুরভাবে পালন করা হয়।,,,পহেলা বৈশাখ আন বাংলাদেজত বজরর প্রথম দিন ইজেবে বেজ গুরি পালানো অই
Kwamiya is held every year in Bangladesh.,বাংলাদেশে কোয়ামিউল্যাইয়া প্রতি বছর অনুষ্ঠিত হয়।,,,প্রতি বছর বাংলাদেজত কোয়ামিউলাইয়্যা বজে
Baul culture in Bangladesh is a secondary character with the saints coming together.,বাংলাদেশে বাউল সংস্কৃতি একটি মাধ্যমিক চরিত্রের সাথে পরিপন্থী সাধুগণ একত্র আসে।,,,বাংলাদেজত বাউল সংস্কৃতির ইজ্ঞু মধ্য চরিত্রের লগে পরিপন্থি সাধু উনোয় এক লগে এজন
Paush Sankranti is widely celebrated on the day of mourning in Bangladesh.,বাংলাদেশে পৌষ সংক্রান্তি শোকাল দিনে প্রচুরভাবে উদযাপন করা হয়।,,,বাংলাদেজত পৌষ সংক্রান্তর বিন্নি বেজ গুরি পালানা অয়
Bangladesh has suffered countless martyrs in the Liberation War.,বাংলাদেশের মুক্তিযুদ্ধে অসোমনীয় শহীদ হয়েছেন।,,,বাংলাদেজ মুক্তু যুদ্ধ বালুক্কুন শহীদ উয়োন
"From the perspective of honesty, Bangladesh is a dangerous country.",সততার দৃষ্টিকোণ থেকে বাংলাদেশ একটি সাংঘাতিক দেশ।,,,সততার দৃষ্টিকোনুট্টুন বাংলাদেজ এক্কান বেজ গম দেশ।
Bangladesh is the fourth largest Muslim country in the world.,বাংলাদেশ বিশ্বের চতুর্থ বৃহত্তম মুসলিম দেশ।,,,বাংলাদেজ অলদে গোদা দুনিয়ে আনত চের নাম্বার দাঙড় মুস্লিম দেশ
Bangladesh is a multilingual social bridge.,বাংলাদেশে বহুভাষিক একটি সামাজিক ব্রিজ।,,,বাংলাদেজত বালক্কানি ভাষার সামাজিক সেতু আগে
Mobile phone usage in Bangladesh is increasing at the fastest rate.,বাংলাদেশের মোবাইল ফোন ব্যবহার হচ্ছে দ্রুততম মাত্রায় বাড়তি হচ্ছে।,,,বাংলাদেজত মোবাইল ফোনের ব্যবআর আর বেজ জাদি আরে বাড়ি যার
Bangladesh's culture is a liberal advocate for the rights of language and the Liberation War.,বাংলাদেশের সংস্কৃতি ভাষার ও মুক্তিযুদ্ধের অধিকারে উদার হোকারী।,,,
Bangladesh is a land of prosperity.,বাংলাদেশ একটি ভূমি যাতে সমৃদ্ধি,,,
Bangladesh is a circular trading country.,বাংলাদেশ একটি সার্কুলার বাণিজ্যিক দেশ।,,,বাংলাদেজ ইজ্ঞু সার্কুলার বানিজ্যিক দেজ
Bangladesh has improved its primary education.,বাংলাদেশ উন্নত তার প্রাথমিক শিক্ষাসাধানে,,,বাংলাদেজ আন উন্নত অলদে প্রাথমিক শিক্ষা আনর হারনে
Bangladesh is a country of heroic liberation war.,বাংলাদেশ একটি বীর মুক্তিযুদ্ধ দেশ।,,,বাংলাদেজ এক্কান বীরর মুক্তিযুদ্ধের দেজ
Bangladesh enriches religious literature with various special religious sciences.,বাংলাদেশ বিভিন্ন বিশেষ ধর্মবিদ্যায়কে ধার্মিক সাহিত্য সমৃদ্ধ করে।,,,বাংলাদেজ আন বিভিন্ন ধর্ম বিদ্যে আনোর ইজ্ঞু ধার্মিক সাহিত্য সমৃদ্ধি গড়ে
Education in Bangladesh is generally developing.,বাংলাদেশে শিক্ষা সাধারণভাবে উন্নত হচ্ছে।,,,বাংলাদেজত শিক্ষা আন স্বাভাবিকভাবে উন্নতি গড়ের
Bangladesh is a country of the largest rainfall.,বাংলাদেশ একটি বৃহত্তম বৃষ্টির দেশ।,,,বাংলাদেজ এক্কান বেগ দাঙর ঝড়র দেজ
Bangladesh has many endangered fish species.,বাংলাদেশে অনেক বিপন্ন মাছের প্রজাতি আছে।,,,বাংলাদেজ বালক্কানি প্রজাতির মাছ আগে
Bangladesh has senior teachers and teachers who provide more valuable education.,বাংলাদেশে প্রবীণ শিক্ষক ও শিক্ষিকারা অধিক মূল্যবান শিক্ষা প্রদান করছে,,,বাংলাদেজত বুড়ো মাস্টর আর মাস্টারি উনরে বেজ মুল্যবান বিদ্যে দান গড়ন
Sonar Bangla is the national anthem of the country in Bangladesh.,বাংলাদেশে সোনার বাংলা হল দেশের জাতীয় সঙ্গীত।,,,বাংলাদেজত সোনার বাংলা অলদে জাতীয় সঙ্গীত
Bangladesh needs the largest rice technology.,বাংলাদেশ হিসেবে বৃহত্তম রাইস প্রযুক্তি প্রয়োজন।,,,বাংলাদেজ ইজেবে বেগ দাঙর রাইস প্রজুক্তি দরকার
Bangladesh has wind-driven agriculture as an advanced farming method.,বাংলাদেশে বাতাসে চলা কৃষি একটি উন্নত চাষা পদ্ধতি।,,,বাংলাদেজত বুয়েরে ঢুলিবার কৃষি আন ইজ্ঞু উন্নত চাজো পদ্ধতি
Bangladesh is going to increase in secondary education.,বাংলাদেশে মাধ্যমিক শিক্ষা বৃদ্ধি হতে চলেছে।,,,বাংলাদেজত মাধ্যমিক শিক্ষা আন বাডের
Bangladesh has various religious pujas.,বাংলাদেশে বিভিন্ন ধর্মানুযায়ী পুজো পালন হয়।,,,বাংলাদেজত বিভিন্ন ধর্ম অনুসারে পুজো পালানা অয়
Bangladesh is a country of the largest rubber production.,বাংলাদেশ একটি বৃহত্তম রবার তৈরি দেশ।,,,বাংলাদেজ এক্কান দাঙর রবার তৈরি গুরিবার দেজ
Bangladesh is further developing through education technology.,বাংলাদেশে শিক্ষা প্রযুক্তি দ্বারা আরও উন্নত হচ্ছে।,,,বাংলাদেজত বিদ্যে প্রযুক্তির মাধ্যমে আরো বেজ উন্নতি গড়ের
Bangladesh has a law-centered justice system.,বাংলাদেশে একটি আইনকেন্দ্রিত ন্যায় প্রণালী রয়েছে।,,,বাংলাদেজত ইজ্ঞু আইন আনোরে কেন্দ্র গুড়িনেয় এক্কান প্রথা চালু আগে
Bangladesh is a popular breed of the golden jubilee in Bangladesh.,বাংলাদেশে সোনালী জুবিন গণপ্রজাতি।,,,
Bangladesh Television is the most popular channel for the promotion of arts and culture in Bangladesh.,বাংলাদেশে কলা ও সাংস্কৃতিক প্রসারে সবচেয়ে জনপ্রিয় চ্যানেল বাংলাদেশ টেলিভিশন।,,,বাংলাদেজত শিল্প সংস্কৃতির লাই ইজ্ঞু বেক্কুনের প্রিয়ো চ্যানেল অলদে বাংলাদেশ টেলিভিশন 
Universities are places of higher education.,বিশ্ববিদ্যালয় হলো একটি উচ্চ শিক্ষা প্রদানকারী স্থান।,,,বিশ্ববিদ্যালয় অলদে এক্কান উচ্চ বিদ্দ্যে প্রদান গুরিবার জাগা
Students at the university receive their education in various courses.,বিশ্ববিদ্যালয়ে ছাত্র-ছাত্রীরা বিভিন্ন পাঠ্যক্রমে নিজেদের শিক্ষা প্রাপ্ত করে।,,,বিশ্ববিদ্যালয়ত পুড়িয়ে পো-জি উনোরে বিভিন্ন পাঠ্যক্রমত বিদ্দ্যে দি ঠাই
The university is a pioneer in the expansion of education.,বিশ্ববিদ্যালয় শিক্ষার প্রসারণে অগ্রণী।,,,বিশ্ববিদ্যালয় অন বিদ্যো প্রসার গুড়িবাত্বাই বেজ ভুমিকা পালে পায়
Teachers at the university teach students.,বিশ্ববিদ্যালয়ে শিক্ষক-শিক্ষিকা শিক্ষার্থীদের প্রতি শিক্ষাদান দেয়।,,,বিশ্ববিদ্যালয়ত মাস্টর মাস্টারি উন পুড়িয়ে পো জি উনরে বিদ্যো দান গুড়ি ঠান
Higher education is provided at the university than at other educational institutions.,বিশ্ববিদ্যালয়ে অন্যান্য শিক্ষাপ্রতিষ্ঠানের চেয়ে উচ্চতর শিক্ষা প্রদান হয়।,,,বিশ্ববিদ্যালয়ত অন্যান্য বেগ পুড়িবার জাগা উন্নতুন বেজ বিদ্যো দান গুড়ি ঠাই
Campus life at the university can be very ideal.,বিশ্ববিদ্যালয়ে ক্যাম্পাস জীবন অনেকটাই আদর্শ হতে পারে।,,,বিশ্ববিদ্যালয়ত ক্যাম্পাসও জীংগানি আন দোল ওই পারে
Different subjects are studied at the university to gain specialization.,বিশ্ববিদ্যালয়ে বিশেষজ্ঞতা অর্জন করার জন্য বিভিন্ন বিষয়ে পড়া হয়।,,,বিশ্ববিদ্যালয়ত বিশেষ রকমের বিদ্যে অরজন গুড়িবার লাই বিভিন্ন ধরনের বিদ্যে পড়ানা অয়
Special education is provided at the university for students.,বিশ্ববিদ্যালয়ে ছাত্র-ছাত্রীদের জন্য বিশেষ শিক্ষা প্রদান করা হয়।,,,বিশ্ববিদ্যালত পুড়িয়ে পো-জী উনোর লাই বিশেষ রকমের বিদ্যে দান গড়ানো অয়
There are various cultural and sports activities at the university.,বিশ্ববিদ্যালয়ে বিভিন্ন সাংস্কৃতিক ও খেলাধুলার কর্মক্ষেত্র রয়েছে।,,,বিশ্ববিদ্যালয়ত বালক্কানি সাংস্কৃতিক ও হেলা ধুলো গুরিবার লাই যাগা আগে
Many teachers at the university may have more foreigners.,বিশ্ববিদ্যালয়ে অনেক বিশ্ববিদ্যালয়ে শিক্ষক-শিক্ষিকা অধিক বিদেশী থাকতে পারে।,,,বিশ্ববিদ্যালয়ত বালক্কানি বিদেজর মাস্টর-মাস্টারি থে পাড়ন
Diversity is maintained among students at the university.,বিশ্ববিদ্যালয়ে শিক্ষার্থীদের মধ্যে বৈচিত্র্য বজায় রাখা হয়।,,,বিশ্ববিদ্যালয়ট পুড়িয়ে পো জী উনুর মধ্যে বৈচিত্র থে পারে
There are various clubs and communities at the university.,বিশ্ববিদ্যালয়ে বিভিন্ন ক্লাব ও সম্প্রদায় রয়েছে।,,,বিশ্ববিদ্যালয়ত বালক্কানি ক্লাব আর সম্প্রদায় থে পাড়ে
Preparation is required for admission to the university.,বিশ্ববিদ্যালয়ে ভর্তি হওয়ার জন্য প্রস্তুতি করতে হয়।,,,বিশ্ববিদ্যালয়ত পুড়িবার গেলে আগ প্রস্তুতি লো পড়ে
Students at the university easily make new friends.,বিশ্ববিদ্যালয়ে ছাত্র-ছাত্রীরা সহজেই নতুন বন্ধু পাতে।,,,বিশ্ববিদ্যালয়ত হুব সহজে পুড়িয়ে পো জী উন সমাজ্জি বানে পাড়ন
Various festivals and events are organized at the university.,বিশ্ববিদ্যালয়ে বিভিন্ন ফেস্টিভ্যাল এবং ইভেন্ট আয়োজন করা হয়।,,,বিশ্ববিদ্যালয় বালক্কানি ফেস্টিবল আন ইভেন্ট পালানো অয়
It takes a lot of time to travel to the university campus.,বিশ্ববিদ্যালয়ে ক্যাম্পাসে ভ্রমণ করতে হলে অনেক সময় প্রয়োজন।,,,বিশ্ববিদ্যালয়র ক্যাম্পাসঅট বেড়েবার গেলে বালক্কন সময় লাগে
Various activities can be held on the university campus.,বিশ্ববিদ্যালয়ে ক্যাম্পাসে বিভিন্ন কার্যক্রম অনুষ্ঠিত হতে পারে।,,,বিশ্ববিদ্যালয় ক্যাম্পাজট বালক্কানি কার্যক্রম ওয় পাড়ে
Various technologies are used at the university.,বিশ্ববিদ্যালয়ে বিভিন্ন প্রযুক্তি ব্যবহার হয়।,,,বিশ্ববিদ্যালয়ট বালক্কানি প্রযুক্তি ব্যবহার অয়
Many students at the university learn language technology.,বিশ্ববিদ্যালয়ে অনেক ছাত্র-ছাত্রীরা ভাষা প্রযুক্তি শেখে থাকে।,,,বিশ্ববিদ্যালয়ট বালুক্কুন পুড়িয়ি পো-জ্বি উন ভাষা প্রযুক্তি শিগি ঠান
The university offers courses in different languages.,বিশ্ববিদ্যালয়ে বিভিন্ন ভাষায় কোর্স প্রদান করা হয়।,,,বিশ্ববিদ্যালয়েট বালক্কানি ভাষা শিগিবার কোর্স দি ঠাই
The university invites students from different countries.,বিশ্ববিদ্যালয়ে বিভিন্ন দেশের ছাত্র-ছাত্রীদের আমন্ত্রণ দেওয়া হয়।,,,বিশ্ববিদ্যালয় বালক্কানি দেজর পুড়িয়ে পো জী উনোরে এবার লাই দাগানো অয়
The university has many different campuses.,বিশ্ববিদ্যালয়ে অনেক বিভিন্ন ক্যাম্পাস আছে।,,,বিশ্ববিদ্যালয়ট বালক্কানি ক্যাম্পাস আগে
The university has various necessary facilities for students.,বিশ্ববিদ্যালয়ে ছাত্র-ছাত্রীদের জন্য বিভিন্ন আবশ্যক উপকরণ রয়েছে।,,,বিশ্ববিদ্যালয় বালক্কানি পুড়িবার জিনিস আনি পুড়িয়ে পো জী উনোর লাই আগে
The university offers different degrees for students.,বিশ্ববিদ্যালয়ে ছাত্র-ছাত্রীদের জন্য বিভিন্ন উপাধি প্রদান করা হয়।,,,বিশ্ববিদ্যালয়ট পুড়িয়ে পো জী উনোর বালক্কানি উপাধি দেনা অয়
Different students can study law at the university.,বিশ্ববিদ্যালয়ে বিভিন্ন ছাত্র-ছাত্রীরা আইন অধ্যয়ন করতে পারে,,,বিশ্ববিদ্যালয়ট বালুক্কুন পুড়িয়ে পো জী উনোরে আইনের বিদ্যে দেনা অয়
Students can have fun in campus life at the university.,বিশ্ববিদ্যালয়ে ছাত্র-ছাত্রীদের ক্যাম্পাস জীবনে রমনা হতে পারে।,,,বিশ্ববিদ্যালয়ট পুড়িয়ে পো জী উনোর ক্যাম্পাস জীবন রমনা গুড়ি পারে
There are libraries in different campuses of the university.,বিশ্ববিদ্যালয়ে বিভিন্ন ক্যাম্পাসে লাইব্রেরি রয়েছে।,,,বিশ্ববিদ্যালয়ট বিভিন্ন ক্যাম্পাস্ট বিদ্যে শিগিবার ঘর আগে
Various associations and events are organized for students at the university.,বিশ্ববিদ্যালয়ে ছাত্র-ছাত্রীদের জন্য বিভিন্ন সংঘ ও ইভেন্ট আয়োজন করা হয়,,,বিশ্ববিদ্যালয়ট পুড়িয়ে পো জী উনোর লাই বালক্কানি সংঘ আর ইভেন্ট আয়োজন গড়ানো ওয়
A course is selected for admission to the university.,বিশ্ববিদ্যালয়ে ভর্তি হওয়ার জন্য একটি কোর্স সিলেক্ট করা হয়,,,বিশ্ববিদ্যালয়ট ভর্তি অবার লাই ইজ্ঞু কোর্স সিলেক্ট গড়ানা অয়
There may be different seats for students at the university.,বিশ্ববিদ্যালয়ে শিক্ষার্থীদের জন্য বিভিন্ন আসনের সৌন্দর্য থাকতে পারে।,,,বিশ্ববিদ্যালয়ট পুড়িয়ে পো জী উনোর লাই বালক্কানি আস্নর দোল আন থে পারে
There are various materials and trial materials for students at the university.,বিশ্ববিদ্যালয়ে ছাত্র-ছাত্রীদের জন্য বিভিন্ন উপকরণ এবং বিচার উপকরণ রয়েছে।,,,বিশ্ববিদ্যালয়ট পুড়িয়ে পো জী উনোর লাই বালক্কান উপকরণ আর যানবাহন আগে।
There are various materials and vehicles for students at the university.,বিশ্ববিদ্যালয়ে ছাত্র-ছাত্রীদের জন্য বিভিন্ন উপকরণ ও যানবাহন রয়েছে।,,,বিশ্ববিদ্যালয়ট পুড়িয়ে পো জী উনোর লাই বালক্কানি উপকরন আর বিচার উপকরন বুয়ি
There are various pet holes for students at the university.,বিশ্ববিদ্যালয়ে ছাত্র-ছাত্রীদের জন্য বিভিন্ন পোষ্য হোল রয়েছে।,,,বিশ্ববিদ্যালয়ট বালক্কানি পোষ্য হল আগে পুড়িয়ে পো জী উনোর লাই
Different khokars may be organized at different campuses of the university.,বিশ্ববিদ্যালয়ে বিভিন্ন ক্যাম্পাসে বিভিন্ন খোকার আয়োজন করা হতে পারে।,,,বিশ্ববিদ্যালয়ট বালক্কানি ক্যাম্পাসট বালক্কানি খোকার আয়োজন বুয়ি
Barisal division is located in the south of Bangladesh.,বরিশাল বিভাগটি বাংলাদেশের দক্ষিণে অবস্থিত।,,,বরিশাল বিভাগ আন বাংলাদেজত দক্ষিনে অবস্থিত 
It is known for its natural beauty and many rivers.,এটি প্রাকৃতিক সৌন্দর্য এবং অনেকগুলি নদীর জন্য পরিচিত।,,,ইয়ান প্রাকৃতিক দোল অর বালক্কানি নদী লাই আ পরিচিত 
The divisional headquarters is located in the city of Barisal.,বিভাগীয় মানক বরিশাল শহরে অবস্থিত।,,,বিভাগীয় মানক আন বরিশাল শহরট অবস্তিত
"Kuakata, known as the 'daughter of the sea', is a famous tourist destination in Barisal.","কুয়াকাটা, যা 'সমুদ্রের কন্যা' হিসেবে পরিচিত, বরিশালে একটি প্রসিদ্ধ পর্যটন গন্তব্য।",,,কুয়াকাটা যিয়ান সমুদ্র কন্যা ইজেবে পরিচিত সিয়ান বরিশাল শহরট অবস্তিত
Patuakhali is famous for the beauty of Kuakata beach.,পটুয়াখালি বিখ্যাত কুয়াকাটা সৈকতের সৌন্দর্যের জন্য,,,পটুয়াখালী আন কুয়াকাটা সৈকতের দোলর লাই বিখ্যাত
"Bhola, the largest island in Bangladesh.","ভোলা, বাংলাদেশের সবচেয়ে বড় দ্বীপ,",,,ভোলা বাংলাদেজর বেগ দাঙর দ্বীপ
Jhalokathi is known for its cultural wealth.,ঝালকাঠি সাংস্কৃতিক ধনের জন্য পরিচিত,,,ঝালকাঠি আন সাংস্কৃতিক সম্পদের লাই পরিচিত
Pirojpur is famous for its historic Guava Fair.,পিরোজপুর ঐতিহাসিক পেয়ারা মেলার জন্য বিখ্যাত,,,পিরোজপুর আন ঐতিহাসিক পেয়ারা মেলার লাই বিখ্যাত 
Welcome to our beautiful country.,আমাদের সুন্দর দেশে আপনাকে স্বাগতম।,,,আমা দোল দেজত তোমারে আমন্ত্রন জানাং
I will show you around the city.,আমি আপনাকে শহরের চারপাশে দেখাবো।,,,মুই তরে শহরর চের পাজট সেম্মি
What is the best time to visit?,সেরা সময়টি কি যাত্রা করার জন্য?,,,সেরা গম সময় আন হুবু বেড়েবার লাই?
Do you need a map?,আপনার কি ম্যাপ প্রয়োজন?,,,তর হি ম্যাপ লাগিবু?
This is a famous historical place.,এটি একটি বিখ্যাত ঐতিহাসিক স্থান।,,,ইয়ান এক্কান বিখ্যাত ঐতিহাসিক জাগা
Let's take a guided tour.,আসুন গাইডেড টুর নিয়ে যাই।,,,আই গাইডেড টুর লনেই যেয়?
Don't forget to take pictures.,ছবি তুলতে ভুলবেন না।,,,ছুবি টুলিবার লো ভুলিজ। 
Let's go to the local market.,আসুন স্থানীয় বাজারে যাই।,,,আই স্থানীয় বাজারত যেই
Are there any special events going on?,কোন বিশেষ ঘটনা ঘটছে?,,,হনো বিশেষ ঘটনাকল হি ঘুট্টি
Try the local food.,স্থানীয় খাবার চেষ্টা করুন।,,,স্থানীয় হানা চেষ্টা গুড়ি সা
Can you recommend a good restaurant?,আপনি কি একটি ভালো রেস্তোরাঁ সুপারিশ করতে পারবেন?,,,তুই হি গম রেস্তোরাঁ সুপারিশ গুরি পাড়িবি
Let's rent a car and travel around the country.,আসুন একটি গাড়ি ভাড়া করে দেশের চারপাশে ভ্রমণ করি।,,,আই ইজ্ঞু গাড়ি ভাড়া গুড়িনেই দেজর চেরদিকট বেড়েয়
Let's go on a boat tour.,আসুন নৌকা টুরে যাই।,,,আয় নৌকা টুরট যেয়
This is the main square of the city.,এটি শহরের প্রধান চত্বর।,,,ইয়ান শহরের প্রধান চত্বর
Let's go to the seashore.,আসুন সমুদ্র তীরে যাই।,,,আয় সমুদ্র তীরত যেয়
How is the weather today?,আজ আবহাওয়া কেমন?,,,ইচ্ছি দেবা আন হিদিক্কিন?
Let's go to the old town.,আসুন পুরাতন শহরে যাই।,,,আই পুরোন শহরট যেয়
Let's go hiking in the mountains.,আসুন পাহাড়ে হাইকিং করি।,,,আই মুড়ো আনট হাইকিং গুরি
Have you tasted the local food?,আপনি কি স্থানীয় খাবারের আস্বাদন করেছেন?,,,তুই হি স্থানীয় হাবার আনিত আস্বাদন গুড়িবি
Let's go for a night out in the city.,আসুন শহরে রাতে বেড়াই।,,,আই রেদো শহর আন বেড়েই
How much is the admission fee?,ভর্তি ফি কত?,,,ভর্তি ফি হদক?
Let's go to the Botanical Garden.,আসুন বোটানিকাল গার্ডেনে যাই।,,,আয় বোটানিকল গার্ডেনত যেয়
Let's see the art gallery.,আসুন শিল্প গ্যালারি দেখি।,,,আয় শিল্প গ্যালারি সেই
Are there any brochures on local attractions?,কোন স্থানীয় আকর্ষণ সম্মুখে কোন ব্রোশুর আছে?,,,হনো স্থানীয় আকর্ষন সম্মুখত হন ব্রোঞ্জর আগে
Let's go to the Science Museum.,আসুন বিজ্ঞান জাদুঘর দেখতে যাই।,,,আই বিজ্ঞান যাদুগর সেবার যাই
Do you want to explore the city's nightlife?,আপনি কি শহরের নাইটলাইফ অনুসন্ধান করতে চান,,,তুই হি শহরর রেদো জীবন চেবার চাস
Have you booked a hotel for your stay?,আপনি কি আপনার থাকার জন্য হোটেল বুক করেছেন,,,তুই হি যেবার লাই তো হোটেল আন বুক গুচ্ছস
I don't speak very well.,আমি খুব ভাল কথা বলি না,,ঙা আকোং চ্গা মপ্র,মুই বেজ গমে দালে হোই নোয়ারঙ
Are we ready to go now?,আমরা কি এখন যেতে প্রস্তুত,,ঙো আগো লা ন্হেং হো ব্যালঃ,আমি হি যেবার লাই প্রস্তুত
Do you want to come?,তুমি কি আসতে চাও?,,নাং লেখ্যাংরে ল?,তুই হি এবার চাস?
Have you finished work?,তুমি কি কাজ শেষ করেছ?,,নাং মা অলু টুংগব্যায়াং?,তুই হি হাম আন ফুড়িয়োস?
If you have any ideas?,যদি আপনার কোন ধারণা আছে?,,,তর হি হন ধারনা আগে
Do you have any problems?,তোমার কি কোন সমস্যা আছে?,,,তর হি হন সমস্যা আগে?
Is the job still available?,চাকরি কি এখনও পাওয়া যায়?,,সাগ্রী আগু লে সৌ রারে ল?,চাগুরি হি এজ পা যায়?
Can I ask you a question?,আমি কি তোমাকে একটা প্রশ্ন করতে পারি?,,ঙা নাগকো টখও মিং ন্হেং হো ল?,মুই হি তরে এক্কান হদা বিজের গুরি পাড়িম
My father is in his room.,আমার বাবা তার রুমে আছেন,,ঙো অফা/ আফা/ বাবা নেংমা হিরে,ম বা মো রুমট আগে
Please speak more slowly.,অনুগ্রহ করে আরো ধীরে কথা বলুন,,এসেই চ্গা প্র,হুজুলি গুরি আবো আস্তে হদা হ
Please go to school.,অনুগ্রহ করে স্কুলে যান,,চা ক্যাং দু লালি,হুজুলি গুরি স্কুলট যা
Please give me your hand.,দয়া করে আমাকে আপনার হাত দিন,,কো আলাউগ তখ্যাগ পি,হুজুলি গুরি ত পট আন মরে দে
The house is very small.,বাড়িটা খুব ছোট,,ইং এরমা অফওয়াশে,ঘর আন বেজ চিকন
They are both in the room.,তারা দুজনেই রুমে আছে,,ইয়াশ্রু ন্হয়চঙং ত মা হিরে,তারা দুয়ো জন রুমট আগন
Where do you have pain?,তোমার কোথায় ব্যথা আছে?,,নাগ মা আডে নারেলে,তর হুদু পিরি আগে
You need to study hard.,আপনাকে কঠোর অধ্যয়ন করতে হবে,,,তরে বেজ গুড়ি পড়া পুড়িবু
Can you read this book?,আপনি এই বই পড়তে পারেন,,কো ই চা্উ ফেন্হেং মি,তুই এই বিদ্যা আন পুড়ি পারজ
You are a good teacher.,তুমি একজন ভালো শিক্ষক,,নাং তউ আকং ছ্রাসি,তুই ইজ্ঞু গম মাস্টর
Whose decision was final?,কার সিদ্ধান্ত চূড়ান্ত ছিল?,,আসু চ্গালা?,হা সিদ্ধান্ত আন চূড়ান্ত এল?
Thanks for the information.,তথ্যের জন্য ধন্যবাদ,,স্ডাং কিজু কিজুটাংরে,তথ্যের লাই সাধু
Thanks for the compliment.,প্রশংসার জন্য ধন্যবাদ,,ম্হ্রচা কিজু কিজুটাংরে,প্রশংসা গুরিবার লাই ধন্যবাদ
You are always complaining.,আপনি সবসময় অভিযোগ করছেন,,,তুই হি সবসময় অভিযোগ গড়স
Will you come tomorrow?,তুমি কি আগামীকাল আসবে?,,নাং ন্হাফ্রেং লেহো য়াং,তুই হি হিল্লি এবে?
Will you dance with me?,তুমি কি আমার সাথে নাচবে?,,নাং ঙালা কাহোল?,তুই হি ম লগে নাজিবি?
Why are you so tired today?,তুমি আজ এত ক্লান্ত কেন?,,নাং গ্নি আচাস্যা ন্গ্যবলে?,তুই ইচ্ছি বেজ দুর্বল হিত্তে?
Why were you late this morning?,তুমি আজ সকালে দেরি করলে কেন?,,নাং গ্নি খরুইকা ক্রাব আস্যা লেটেলে?,তুই ইচ্চি বিন্নি দেরি হিট্টে গড়লে?
Why didn't you come in?,তুমি ভিতরে আসো না কেন?,,নাং আথিদো আস্যা ম্ওয়ংলে?,তুই ভিদিরি হিট্টে নয়েজস?
Why did you leave?,তুমি কেন ছেড়ে দিলে,,নাং আস্যা ফ্রুল টিলে?,তুই হিট্টে ছাজ্জজ?
Why were you so angry?,তুমি এত রেগে গেলে কেন?,,নাং আস্যা মেং তাউরে লে?,তুই হিট্টে রাজ্ঞজ?
Why are you late?,তোমার দেরী হল কেন?,,নাং আস্যা ক্রাফালে?,তর হিট্টে দেরি অল?
Why are you drying your hair?,তুমি চুল শুকাচ্ছ কেন?,,নাং ছেংবাং আস্যা ল্হেংরে লে?,তুই হিট্টে চুল সুগোর?
Which team will win the game?,খেলা কোন দল জিতবে?,,খ্যলা আসু অংহো?,হেলা আনট হন দল জিদিবু?
Which is your favorite team?,আপনার প্রিয় দল কোনটি?,,নাগ সায়াচা আসু ব্রা্গলে?,ত প্রিয় দল হুবোন?
Which is the shortest route?,সবচেয়ে কাছের পথ কোনটি?,,আপা লেং যাচা লে?,বেগ হায়ো পথ হুবোন?
Which is more expensive?,কোনটি বেশি ব্যয়বহুল?,,যাচা আম্যা খা্গটেলে,হুবোন বেজ দাম?
Where do you want to go?,আপনি কোথায় যেতে চান?,,কো আদো লাখ্যাং রে লে?,তুই হুদু যেবাস চাস?
Did he come by bus or train?,সে কি বাসে এসেছে নাকি ট্রেনে?,,ইয়াউসু বাস মা ল ট্রন মা ল?,তে হি বাজট ইচ্ছি না ট্রেনট?
Did he go to see John?,সে কি জন দেখতে গিয়েছিল?,,,তে হি জন চেবার জিয়োন?
Did he propose to you?,সে কি তোমাকে প্রস্তাব করেছিল?,,,তে হি তরে প্রস্তাব দি?
Did he tell you what to do?,সে কি তোমাকে বলেছে কি করতে হবে?,,ই্য়াগসু প্ররিল না্গকো আচা প্যাংরা হোলে,তে হি তরে হুয়ি গুড়িবার?
Did you do it yourself?,আপনি কি নিজের থেকে এটা করেছেন?,,কো ইচা কোমাকো প্যাং চা য়াং?,তুই হি নিজোট্টুন ইয়ান গুচ্ছোজ?
Did you do your homework?,আপনি কি আপনার বাড়ির কাজ করেছেন?,,কো কোরো ইং আলু লুটেয়াং,তুই হি তোর গরে হাম আন গুচ্ছোস?
Did you drive him home last night?,তুমি কি গতকাল রাতে তাকে বাড়ি ড্রাইভ করেছিলে?,,,তুই হি তারে গত রেদট গাড়ি ড্রাইভ গুচ্ছোস ই
Did you understand me?,তুমি কি আমার কথা বুঝতে পেরেছ?,,নাং ঙা চাগা নালেরেল?,তুই হি মো হদা আন বুচ্ছোস?
Did you like the movie?,তুমি কি সিনেমাটি পছন্দ করেছ?,,নাং য়া বওয়ে আহ্লা ম্রাং ল টি ল?,তুই হি সিনেমা আন দোল পিয়োছ?
Do you live here?,তুমি কি এখানে থাকো?,,নাং ইংদেমা নিংরে য়াং?,তুই হি ইয়োট ঠাস?
Did you make it yourself?,তুমি কি এটা নিজে বানিয়েছ?,,নাং ইচা কোমাকো লোচা য়াং ,তুই হি ইয়ান নিজে বানিয়োচ?
Can you feel me?,তুমি কি আমাকে অনুভব করছো?,,নাং ঙাগো তুইরে য়াং?,তুই হি মরে অনুভব গুচ্ছস?
Did you see anyone there?,আপনি সেখানে কাউকে দেখেছেন?,,কো য়াদেমা তয়্গম্সুগো ম্রাংতে ল?,তুই হি সিউট হাওরে দিক্কোস?
Did you talk at all?,আপনি কি আদৌ কথা বলেছেন,,কো চ্গা ম্প্র সি য়াং?,তুই হি আসলে হুয়োচ?
Did you study yourself?,তুমি কি নিজে অধ্যয়ন করেছ?,,,তুই হি নিজে পুজোস?
Did you take a shower?,তুমি কি গোসল করেছ?,,নাং রি খ্যুব্যা য়াং?,তুই হি গাট্টোস?
Have a good time.,একটি ভাল সময় আছে,,ট্খু্ক আকং আখ্যিং হিরে,ইজ্ঞু গম সময় আগে
Have a nice day.,আপনার দিনটি শুভ হোক,,কো রা্ক আকং ফ্রলি,তর দিনান দোল ওক
Have a nice time.,একটি সুন্দর সময় আছে,,ট্খু্ক আহ্লা আখ্যিং হিরে,ইজ্ঞু দোল সময় আগে
Have a nice trip.,আপনার যাত্রা শুভ হোক,,কো রা্ক আকং ফ্রলি ,ত যাত্রা আন দোল ওক
Have a wonderful vacation.,একটা চমৎকার অবকাশ যাপন করো,,,ইজ্ঞু চমৎকার ভাব যাগন গড়
Have fun this summer!,এই গ্রীষ্মে মজা করুন!,,ই পুখ্যিংমা প্য হো।,এই গ্রীষ্মট মজা গড়
Have you ever seen a whale?,আপনি কি কখনও একটি তিমি দেখেছেন?,,কো তিমি ম্রাং ব্যা ল?,তুই হি হন্দিন তিমি দিক্কোস?
Have you finished dressing?,তুমি কি ড্রেসিং শেষ করেছ?,,নাং অওয়ে ওয়েব্যল,তুই হি ড্রেসিং শেষ গুচ্ছোস?
His advice didn't help.,তার পরামর্শ সাহায্য করেনি,,য়াসু প্রচা আলু ম্লুলি,তা পরামর্শ আন সাহায্য নগড়ে
His brother is patient.,তার ভাই ধৈর্যশীল,,য়াসু আকোসি আ্মা সিখেং ন্হেং রে,তা বেইবু ধইর্যো আগে
His dream came true.,তার স্বপ্ন সত্যি হয়েছে,,য়াসু ইংমাউ আকং ফ্ররে,তা স্বপ্ন আন সত্য উয়ি
His family is very big.,তার পরিবার অনেক বড়,,য়াস্রো ইংসা এরমা আগ্রি,তা পরিবার আন বেজ দাঙর
His father looks healthy.,তার বাবা সুস্থ দেখাচ্ছে,,য়াসু আ্ফা ররেখে ম্রাং রে,তা বা রে সুস্থ দেগার
His horse jumped over the fence.,তার ঘোড়া বেড়ার উপর লাফিয়ে উঠল,,য়াসু ম্রাং য়াসু ছুই আথাউমা খুংব তাউরে,তা ঘোড়া আন বেড়া উরি লাফ দি
His house is very tall.,তার বাড়ি অনেক লম্বা,,য়াসু ইং এরমা আহ্রি,তা ঘর আন বেজ লাম্বা
His joy is evident on his face.,তার আনন্দ তার মুখে ফুটে উঠেছে,,য়াসু প্যচা য়াসু ম্যাকন্হামা ম্রাংরা রে ব্যা।,তা আনন্দ আন তা মুগোট ফুদি উঠি
His mother was strict.,তার মা কঠোর ছিল,,য়াসু অ্মি কক্রউমন্হেং,তাম্মা কঠোর এল
His new movie is disappointing.,তার নতুন সিনেমা হতাশাজনক,,,তা নুয়ো সিনেমা আন হতাশজনক
His new novel is worth reading.,তার নতুন উপন্যাস পড়ার যোগ্য,,,তা নুয়ো উপন্যাস পুড়িবার যোগ্য
His opinion was not accepted.,তার মতামত গ্রহণ করা হয়নি,,য়াসু চ্গা ম্নাথংলি,তা মতামত লনা নয়ই
His proposal was accepted in the meeting.,সভায় তার প্রস্তাব গৃহীত হয়,,মিটিং মা য়াসু চ্গা ফ্ররে,সভা আনত তা প্রস্তাব আন লো অয়
His room is twice as big as mine.,তার রুম আমার চেয়ে দ্বিগুণ বড়,,য়াসু ত ঙাচা থা ন্হপ্রেং সেংরে,তা রুম্মান মত্তুন দ্বিগুন দাঙর আগে
His shoes are red.,তার জুতা লাল,,য়াসু ফ্নেং র্রে,তা জুতা আন রাঙা
His wife is Indian.,তার স্ত্রী ভারতীয়,,য়াসু ম্যা খংড সংসা,তা মক্কু ভারতীয় 
His wife is one of my friends.,তার স্ত্রী আমার বন্ধুদের একজন,,য়াসু ম্যা ঙা আফা্কসা,তা মক্কু মো সমাজ্জির একজন
His voice was soft.,তার কণ্ঠ নরম ছিল,,য়াসু আসেং ঙন্যে,তা হন্ঠ আন নরম এল
His face was still young.,তার মুখ তখনও তরুণ,,য়াসু ম্যাঙন্হা য়্খালে আ্ম,তা মু আন গাবুর
His eyes were on me.,তার দৃষ্টি আমার দিকে ছিল,,য়াসু ঙাগো ক্রিরি আমা,তা চোখকান মো ইদু এল
His smile was funny.,তার হাসি হাস্যকর ছিল,,য়াসু হা্কচা আ্মা রিখ্যং ফুওয়ে,তা আজি আন আজিবার এল
His smile was very beautiful.,তার হাসি খুব সুন্দর ছিল,,য়াসু রিচা আ্মা আহ্লা,তা আজি অনেক দোল এল
His voice was calm.,তার কণ্ঠ শান্ত ছিল,,য়াসু আসেং ঙন্যে হিলিরে,তা কন্ঠ আন শান্ত এল
I am really grateful.,আমি সত্যিই কৃতজ্ঞ,,,মুই আসলেই কৃতজ্ঞ
I am a vegetarian.,আমি একজন নিরামিষভোজী,,ঙা হাংম্রু মাচা,মুই ইজ্ঞু শাকাহারি
I am angry with him.,আমি তার সাথে রাগান্বিত,,ঙা য়াসু গো মেং তাউতে,মুই তার উরি রাগ
I am always busy.,আমি সব সময় ব্যস্ত থাকি,,ঙা খ্যাংখাফ্র অ্লুমা নিংরে ,মুই সবসময় ব্যস্ত ঠাঙ
I am busy right now.,আমি এই মুহূর্তে ব্যস্ত,,ঙা অ্গো অ্লুমা,মুই ইক্কুন ব্যস্ত আগঙ
I am busy with my homework.,আমি আমার বাড়ির কাজ নিয়ে ব্যস্ত,,ঙা ইংমা আলুমা অ্গো ,মুই মর ঘর হামত ব্যাস্ত
I am counting on you.,আমি তোমার উপর নির্ভর করছি,,ঙা না্গকোরা সিরিব্যা,মুই ত উরে নির্ভর
I am happy to see you.,তোমাকে দেখে খুসি হলাম,,না্ককো ক্রিব ঙা আ্মা হাউরে,তরে সেনেই হুজি উলুং
I am hungry.,আমি ক্ষুধার্ত,,ঙা মইপঃ,মুই হুদার্ত
I am looking for a job.,আমি একটি চাকরি খুঁজছি,,ঙা ত্খূ অ্লূ হ্রারে,মুই ইজ্ঞু চাগুরি টোগাঙর
I am looking for a room.,আমি একটি রুম খুঁজছি,,ঙা ত ত্দ হ্রারে,মুই ইজ্ঞু রুম টোগাঙর
I am not a doctor.,আমি একজন ডাক্তার নই,,ঙা ডা্কত ম্হক,মুই ইজ্ঞু ডক্টর নয়।
I am ready to start.,আমি শুরু করতে প্রস্তুত,,ঙা চা ন্হেং রেব্যা,মুই শুরু গুরিবার প্রস্তুত
I am satisfied with everything.,আমি সবকিছুতে সন্তুষ্ট,,,মুই বেক্কুনট সন্তুষ্ট 
I am saving money.,আমি টাকা সঞ্চয় করছি,,ঙা তেংগা খেংরে,মুই টেঙা সঞ্চয় গরনঙর 
I am very proud of my mother.,আমি আমার মাকে নিয়ে খুব গর্বিত,,ঙা ঙো দ দ গো য়ুব আ্মা প্যরে,মুই ম মারে লোই গর্বিত
I am taller than you.,আমি আপনার চাইতে লম্বা,,ঙা কোস্থা হ্রিরে,মুই তট্টুন লাম্বা
I am trying to sleep.,আমি ঘুমানোর চেষ্টা করছি,,ঙা ওইম্কেংরে,মুই ঘুম যেবার চেষ্টা গরঙর